country;Region;Surface area (km2);Population in thousands (2017);Population density (per km2, 2017);Sex ratio (m per 100 f, 2017);GDP: Gross domestic product (million current US$);GDP growth rate (annual %, const. 2005 prices);GDP per capita (current US$);Economy: Agriculture (% of GVA);Economy: Industry (% of GVA);Economy: Services and other activity (% of GVA);Employment: Agriculture (% of employed);Employment: Industry (% of employed);Employment: Services (% of employed);Unemployment (% of labour force);Labour force participation (female/male pop. %);Agricultural production index (2004-2006=100);Food production index (2004-2006=100);International trade: Exports (million US$);International trade: Imports (million US$);International trade: Balance (million US$);Balance of payments, current account (million US$);Population growth rate (average annual %);Urban population (% of total population);Urban population growth rate (average annual %);Fertility rate, total (live births per woman);Life expectancy at birth (females/males, years);Population age distribution (0-14 / 60+ years, %);International migrant stock (000/% of total pop.);Refugees and others of concern to UNHCR (in thousands);Infant mortality rate (per 1000 live births;Health: Total expenditure (% of GDP);Health: Physicians (per 1000 pop.);Education: Government expenditure (% of GDP);Education: Primary gross enrol. ratio (f/m per 100 pop.);Education: Secondary gross enrol. ratio (f/m per 100 pop.);Education: Tertiary gross enrol. ratio (f/m per 100 pop.);Seats held by women in national parliaments %;Mobile-cellular subscriptions (per 100 inhabitants);Individuals using the Internet (per 100 inhabitants);Threatened species (number);Forested area (% of land area);CO2 emission estimates (million tons/tons per capita);Energy production, primary (Petajoules);Energy supply per capita (Gigajoules);Pop. using improved drinking water (urban/rural, %);Pop. using improved sanitation facilities (urban/rural, %);Net Official Development Assist. received (% of GNI);;
Afghanistan;SouthernAsia;652864;35530;54.4;106.3;20270;-2.4;623.2;44278;44278;53.3;61.6;10.0;44344;44355;19.3/83.6;125;125;1458;3568;-2110;-5121;44230;44403;4.0;44260;63.5/61.0;43.2/4.1;382.4/1.2;1513.1;68.6;44235;0.3;44258;91.1/131.6;39.7/70.7;3.7/13.3;44404;61.6;44263;42;44198;9.8/0.3;63;5;78.2/47.0;45.1/27.0;21.43;;
Albania;SouthernEurope;28748;2930;106.9;101.9;11541;44349;3984.2;44308;26.0;51.7;41.4;44273;40.3;44423;40.2/61.0;134;134;1962;4669;-2707;-1222;-0.1;57.4;44229;44378;79.9/75.6;17.4/19.0;57.6/2.0;44416;44361;44444;44256;44319;111.7/115.5;92.5/98.8;68.1/48.7;44461;106.4;63.3;130;44255;5.7/2.0;84;36;94.9/95.2;95.5/90.2;35096;;
Algeria;NorthernAfrica;2381741;41318;44272;102.0;164779;44411;4154.1;44239;37.3;50.5;44418;34.5;54.7;44297;17.0/70.7;160;161;29992;47091;-17099;-27229;2.0;70.7;44410;3.0;76.5/74.1;29.3/9.4;242.4/0.6;99.8;44404;44234;...;...;112.7/119.5;101.7/98.1;45.1/28.9;31.6;113.0;38.2;135;0.8;145.4/3.7;5900;55;84.3/81.8;89.8/82.2;0.05;;
American Samoa;Polynesia;199;56;278.2;103.6;-99;-99;-99;-99;-99;-99;...;...;...;...;.../...;112;112;-99;-99;-99;-99;-~0.0;87.2;-0.1;44349;77.8/71.1;33.3/9.0;23.2/41.8;-99;44356;-99;-99;-99;-99;-99;-99;-99;...;-99;92;87.9;-99;-99;-99;100.0/100.0;62.5/62.5;-99;;
Andorra;SouthernEurope;468;77;163.8;102.3;2812;0.8;39896.4;0.5;44418;88.6;-99;-99;-99;-99;-99;-99;-99;100;1355;-1255;-99;-1.6;85.1;0.1;44228;-99;14.4/19.0;42.1/59.7;-99;-99;44204;44380;44258;-99;-99;-99;32.1;88.1;96.9;13;34.0;0.5/6.4;1;119;100.0/100.0;100.0/100.0;-99;;
Angola;MiddleAfrica;1246700;29784;44462;96.2;117955;3.0;4714.1;44414;51.2;42.0;44231;37.6;58.2;44353;59.8/77.1;175;176;21011;8790;12221;-10273;44319;44.1;5.0;6.0;63.0/57.4;46.8/4.0;106.8/0.4;45.7;65.4;44258;...;...;100.4/156.9;22.7/35.1;8.2/10.4;38.2;60.8;44298;146;46.5;34.8/1.4;3902;25;75.4/28.2;88.6/22.5;0.42;;
Anguilla;Caribbean;91;15;165.7;97.6;320;44441;21879.6;44257;44392;82.0;...;...;...;...;.../...;-99;-99;2;154;-153;-48;44228;100.0;44228;...;.../...;23.3/7.6;5.5/37.4;~0.0;-99;-99;-99;...;-99;-99;-99;-99;177.9;76.0;52;61.1;0.1/9.8;0;136;94.6/...;97.9/...;-99;;
Antigua and Barbuda;Caribbean;442;102;231.8;92.3;1356;44200;14764.5;44440;44273;79.8;...;...;...;...;.../...;88;88;61;491;-429;-204;44197;44431;-0.9;44198;78.2/73.3;23.9/10.9;28.1/30.6;~0.0;44205;44321;-99;...;94.1/100.0;103.8/101.6;31.1/15.1;44207;137.2;65.2;55;44277;0.5/5.8;-99;84;97.9/97.9;91.4/91.4;0.12;;
Argentina;SouthAmerica;2780400;44271;44243;95.9;632343;44288;14564.5;6.0;44435;66.2;2.0;44432;73.1;44322;48.6/74.4;119;119;57733;55610;2124;-15944;1.0;91.8;1.0;44257;79.8/72.2;24.9/15.4;2086.3/4.8;5.0;44390;44412;44411;44260;109.8/110.2;110.3/103.4;102.9/63.5;38.9;143.9;69.4;256;10.0;204.0/4.7;3167;85;99.0/100.0;96.2/98.3;0.01;;
Armenia;WesternAsia;29743;2930;102.9;88.8;10529;3.0;3489.1;19.0;44283;52.8;35.0;44392;49.3;44363;55.3/74.2;135;135;1776;3230;-1455;-279;0.3;62.7;-0.1;44348;77.0/70.6;20.0/16.9;191.2/6.3;44274;44240;44320;44410;44410;98.5/98.5;89.0/88.1;46.9/41.6;44448;115.2;58.2;114;44388;5.5/1.8;48;46;100.0/100.0;96.2/78.2;42795;;
Aruba;Caribbean;180;105;584.8;90.4;2702;0.1;26005.4;0.5;44301;84.1;0.6;14.0;85.1;...;58.8/69.6;-99;-99;95;1117;-1022;96;0.5;41.5;-0.3;44409;77.8/72.9;17.9/19.7;36.1/34.8;~0.0;44422;-99;-99;44233;115.4/119.1;112.1/110.3;21.4/9.4;-99;135.7;88.7;32;44257;0.9/8.4;1;120;98.1/98.1;97.7/97.7;-99;;
Australia;Oceania;7692060;24451;44230;99.3;1230859;44288;51352.2;44318;44342;71.1;44379;44248;76.1;44321;58.4/70.7;111;111;189630;189406;224;-57746;44317;89.4;44317;44440;84.4/80.2;19.0/21.0;6763.7/28.2;58.2;44442;44295;44289;44232;102.1/102.3;133.6/141.3;106.3/75.4;44405;132.8;84.6;948;44243;361.3/15.3;15282;222;100.0/100.0;100.0/100.0;-99;;
Austria;WesternEurope;83871;8736;106.0;96.2;376967;1.0;44117.7;44256;44283;70.4;44381;44372;69.7;44233;54.6/65.8;108;108;145503;149299;-3795;7020;0.6;66.0;0.4;44287;83.5/78.4;14.1/25.1;1492.4/17.5;166.4;44258;44238;44232;44321;102.2/103.7;97.6/102.4;89.2/74.3;44377;157.4;83.9;118;46.9;58.7/6.9;505;158;100.0/100.0;100.0/100.0;-99;;
Azerbaijan;WesternAsia;86600;9828;118.9;99.3;53049;0.7;5438.7;44383;49.9;43.4;36.7;44241;49.1;44232;62.0/68.8;131;136;9143;8532;611;-222;44256;54.6;44348;44198;74.6/68.6;23.3/10.1;264.2/2.7;623.3;31.4;6.0;44289;44349;105.6/107.4;-99;27.5/23.6;44424;111.3;77.0;97;44329;37.5/3.9;2459;61;94.7/77.8;91.6/86.6;0.14;;
Bahamas;Caribbean;13940;395;39.5;95.9;8854;-1.7;22817.2;44348;44389;85.7;44442;44241;81.9;44391;69.4/79.1;132;132;365;2904;-2539;-1409;44287;82.9;44317;44409;78.1/72.0;20.5/13.5;59.3/15.3;0.1;44205;44384;...;...;.../...;.../...;-99;44240;80.3;78.0;86;51.4;2.4/6.3;0;90;98.4/98.4;92.0/92.0;-99;;
Bahrain;WesternAsia;771;1493;1963.9;168.3;31126;44441;22600.2;0.3;40.7;59.0;1.0;33.4;65.6;44256;38.5/84.9;167;167;12892;14749;-1856;1124;2.0;88.8;44378;44198;77.5/75.6;19.7/4.6;704.1/51.1;0.4;44445;5.0;0.9;44379;101.8/100.6;101.9/102.4;59.4/30.9;44323;185.3;93.5;36;0.8;31.3/23.0;961;413;100.0/100.0;99.2/99.2;-99;;
Bangladesh;SouthernAsia;147570;164670;1265.0;101.7;194466;44353;1207.9;44331;44224;56.3;40.6;44215;40.3;4.0;43.2/81.1;141;140;36031;52624;-16593;2687;44228;34.3;44350;44229;72.9/69.8;28.4/7.3;1422.8/0.9;233.0;33.3;44410;0.4;44440;125.1/116.0;67.4/59.8;11.4/15.4;44275;83.4;44300;151;11.0;73.2/0.5;1438;11;86.5/87.0;57.7/62.1;45292;;
Barbados;Caribbean;431;286;664.5;91.9;4385;0.9;15429.4;44378;44208;86.2;44410;44274;77.9;44266;61.8/70.0;88;88;517;1621;-1104;-248;0.3;44347;0.1;44409;77.7/72.9;19.1/21.0;34.5/12.1;~0.0;44356;44323;...;44353;94.2/93.1;110.7/107.9;90.6/40.3;44393;116.5;76.1;56;44391;1.3/4.5;2;59;99.7/99.7;96.2/96.2;...;;
Belarus;EasternEurope;207600;9468;46.7;87.0;54609;-3.9;5750.8;44323;38.9;53.6;44356;32.0;58.4;0.5;54.0/67.8;122;122;23414;27464;-4050;-2037;~0.0;76.7;~0.0;44348;77.7/66.5;16.7/21.3;1082.9/11.4;44446;44350;44382;44200;44443;101.3/101.4;106.4/107.8;100.7/75.9;34.5;123.6;62.2;25;42.5;63.5/6.7;155;122;99.9/99.1;94.1/95.2;0.20;;
Belgium;WesternEurope;30528;11429;377.5;97.3;455107;44317;40277.8;0.7;44249;77.1;44228;44248;77.6;44263;48.1/58.9;108;107;398033;372713;25321;1936;0.6;97.9;0.5;44409;83.0/78.0;17.1/24.6;1387.9/12.3;63.8;44319;44357;3.0;44353;104.2/104.2;177.7/156.4;85.4/65.0;38.0;115.7;85.1;37;44369;93.4/8.3;520;196;100.0/100.0;99.5/99.4;-99;;
Belize;CentralAmerica;22966;375;44302;99.2;1721;44228;4789.4;44361;44334;66.9;44212;44454;67.9;44327;56.7/83.8;97;97;246;952;-706;-175;44229;44.0;44440;44349;72.7/67.2;31.4/6.2;53.9/15.0;44199;44269;44413;...;44292;110.4/115.8;81.8/79.8;28.7/17.9;44295;48.9;41.6;117;60.1;0.5/1.4;9;36;98.9/100.0;93.5/88.2;24838;;
Benin;WesternAfrica;114763;11176;99.1;99.5;8476;44232;779.1;44250;44463;51.9;43.2;44237;46.6;1.0;70.0/73.4;152;158;410;2630;-2220;-885;44410;44.0;44380;44232;61.4/58.5;42.7/5.0;245.4/2.3;0.8;67.7;44351;0.1;44290;123.7/134.2;46.8/66.7;8.4/22.4;44234;85.6;44414;88;38.7;6.3/0.6;96;17;85.2/72.1;35.6/7.3;44444;;
Bermuda;NorthernAmerica;53;61;1227.0;91.4;5853;0.4;94399.9;0.7;44260;94.0;44348;44265;87.6;44383;72.6/80.0;115;115;8;971;-963;817;-0.6;100.0;0.2;44317;85.1/77.5;14.8/24.9;19.1/30.8;-99;-99;-99;-99;44378;89.4/91.3;75.5/67.7;34.1/14.7;-99;58.0;98.3;72;20.0;0.6/9.2;1;136;-99;-99;-99;;
Bhutan;SouthernAsia;38394;808;44248;113.1;2074;44232;2677.1;44244;43.9;38.8;56.6;44386;33.7;44288;59.4/73.5;98;98;616;1688;-1072;-579;44348;38.6;44380;44229;68.9/68.6;26.5/7.3;51.1/6.6;-99;44346;44350;0.3;44293;96.9/96.6;87.1/81.4;9.2/12.6;44324;87.1;39.8;71;72.0;1.0/1.3;75;82;100.0/100.0;77.9/33.1;46143;;
Bolivia (Plurinational State of);SouthAmerica;1098581;11052;44237;100.2;32998;44412;3076.8;44359;31.0;56.5;44345;44217;49.4;44411;64.1/82.6;142;143;6969;8374;-1405;-1854;44348;68.5;44257;3.0;70.2/65.3;31.6/9.5;143.0/1.3;0.8;42.9;44261;0.5;44262;95.7/98.5;85.7/87.1;.../...;53.1;92.2;45.1;231;50.8;20.4/1.9;962;32;96.7/75.6;60.8/27.5;13912;;
Bonaire; Sint Eustatius and Saba;Caribbean;-99;25;77.4;-99;-99;-99;-99;-99;-99;-99;-99;-99;-99;-99;-99;-99;-99;-99;-99;-99;-99;44230;74.7;44288;-99;-99;-99;13.0/52.3;...;-99;-99;-99;-99;-99;-99;-99;-99;-99;-99;56;-99;0.3/13.3;0;208;-99;-99;;-99
Bosnia and Herzegovina;SouthernEurope;51209;3507;68.8;96.4;16251;44199;4265.0;44262;44342;66.2;18.0;44316;51.7;44311;34.3/57.5;96;97;5327;9130;-3803;-923;-1.0;39.8;0.1;44256;78.8/73.7;14.1/23.4;34.8/0.9;157.6;44354;44356;44440;-99;-99;-99;-99;44307;90.2;65.1;91;42.7;22.2/5.8;252;85;99.7/100.0;98.9/92.0;43862;;
Botswana;SouthernAfrica;582000;2292;4.0;97.7;14391;-0.3;6360.6;44288;33.4;64.2;44402;44453;59.4;44365;73.6/81.6;110;110;7321;6103;1218;1120;44409;57.4;44256;44441;66.1/59.8;31.4/6.4;160.6/7.1;44410;35.2;44291;0.4;...;105.8/109.4;.../...;27.7/19.2;44325;169.0;44343;28;44274;7.0/3.2;47;44;99.2/92.3;78.5/43.1;0.46;;
Brazil;SouthAmerica;8515767;209288;25.0;96.6;1772591;-3.8;8528.3;44232;44399;72.0;44242;44337;63.2;44298;56.0/78.2;135;136;185235;137552;47683;-58882;0.9;85.7;44228;44409;78.4/71.0;21.7/12.6;713.6/0.3;41.1;44423;44263;44440;6.0;113.8/116.8;102.2/97.2;59.3/42.4;44387;126.6;59.1;990;59.2;529.8/2.6;10948;61;100.0/87.0;88.0/51.5;0.06;;
British Virgin Islands;Caribbean;151;31;208.0;97.1;908;-1.1;30144.5;1.0;44207;87.8;...;...;...;-99;-99;103;103;~0;444;-444;-99;2.0;46.2;44409;...;.../...;.../...;17.3/57.5;...;-99;-99;-99;44353;-99;-99;-99;-99;145.8;37.6;67;44220;0.2/6.0;0;85;.../...;97.5/97.5;-99;;
Brunei Darussalam;South-easternAsia;5765;429;81.3;106.0;12930;-0.6;30552.7;44197;60.2;38.7;0.6;44305;80.1;44198;50.6/75.0;157;157;4875;2679;2197;2071;44287;77.2;44409;44440;78.4/75.1;23.0/8.0;102.7/24.3;44336;44322;44349;44317;44290;108.2/108.1;96.3/95.9;38.6/23.5;44205;108.1;71.2;193;72.1;9.1/21.8;679;357;-99;-99;-99;;
Bulgaria;EasternEurope;111002;7085;65.3;94.6;48953;3.0;6846.8;44201;44374;67.2;44322;44315;64.1;44204;48.5/60.1;117;119;26088;28875;-2787;196;-0.6;73.9;-0.3;44317;77.8/70.8;14.2/27.7;102.1/1.4;33.7;44263;44294;4.0;44200;96.7/97.7;97.4/100.5;82.9/65.4;44246;129.3;56.7;104;35.1;42.4/5.9;474;103;99.6/99.0;86.8/83.7;-99;;
Burkina Faso;WesternAfrica;272967;19193;70.2;99.5;11065;44200;611.1;34.5;44429;43.7;80.0;44443;44211;44441;76.5/90.5;131;134;2019;3699;-1680;-998;3.0;44468;44444;44352;59.3/58.0;45.2/3.9;704.7/3.9;32.7;64.8;5.0;~0.0;44200;86.1/89.9;32.2/35.1;3.8/7.3;11.0;80.6;44297;31;44427;2.8/0.1;123;9;97.5/75.8;50.4/6.7;44509;;
Burundi;EasternAfrica;27830;10864;423.1;96.9;2735;-4.1;244.6;36.3;44452;49.8;91.1;44349;44261;44378;84.6/82.7;109;122;123;625;-502;-375;3.0;44208;44382;6.0;58.0/54.2;45.0/4.4;286.8/2.6;103.2;77.8;44323;...;44291;124.5/123.1;40.5/44.5;2.4/7.7;36.4;46.2;44443;61;44357;0.4/~0.0;56;6;91.1/73.8;43.8/48.6;33543;;
Cabo Verde;WesternAfrica;4033;546;135.6;99.3;1603;44317;3080.2;44325;44427;70.7;44254;44327;61.3;44326;53.7/84.6;98;98;29;485;-455;-73;44228;65.5;2.0;44318;74.0/70.1;30.2/6.9;14.9/2.9;0.1;44338;44412;0.3;5.0;106.9/112.8;98.3/87.7;25.2/18.1;44370;127.2;43.0;65;44218;0.5/1.0;2;17;94.0/87.3;81.6/54.3;29830;;
Cambodia;South-easternAsia;181035;16005;90.7;95.3;18050;7.0;1158.7;44255;44315;42.3;42.4;44366;38.0;0.3;75.6/87.0;175;177;13204;15313;-2109;-1657;44348;44397;44349;44379;69.6/65.5;31.3/7.1;74.0/0.5;0.3;44468;44382;0.2;44440;116.2/117.1;.../...;11.8/14.3;44275;133.0;19.0;255;54.3;6.7/0.4;178;17;100.0/69.1;88.1/30.5;35490;;
Cameroon;MiddleAfrica;475650;24054;50.9;100.2;28416;44413;1217.3;44399;44283;49.1;61.8;44385;44345;44351;71.1/81.2;155;160;2130;4899;-2768;-1173;44379;54.4;44350;5.0;57.7/55.1;42.7/4.8;382.0/1.6;544.9;67.5;44200;...;3.0;110.7/123.5;53.5/62.6;15.2/19.7;44227;71.8;44397;775;40.3;7.0/0.3;408;14;94.8/52.7;61.8/26.8;11355;;
Canada;NorthernAmerica;9984670;36624;4.0;98.5;1552808;0.9;43205.6;44409;44375;69.6;44198;44335;78.4;44203;60.7/69.9;109;109;388911;402954;-14043;-53083;1.0;81.8;44228;44348;83.8/79.7;16.0/23.5;7835.5/21.8;155.8;44381;44296;44318;44260;101.1/100.1;110.0/109.8;.../...;44281;81.9;88.5;122;38.2;537.2/15.1;19276;324;100.0/99.0;100.0/99.0;-99;;
Cayman Islands;Caribbean;264;62;256.5;100.4;3726;0.7;62132.0;0.3;44323;92.2;0.8;44331;83.6;44261;80.6/85.6;104;104;18;991;-972;-99;44317;100.0;44317;...;.../...;18.3/6.7;23.7/39.6;0.1;-99;-99;-99;-99;-99;-99;-99;-99;155.5;77.0;74;52.9;0.5/9.2;-99;130;97.4/...;95.6/...;-99;;
Central African Republic;MiddleAfrica;622984;4659;44323;97.3;1633;44412;333.2;34.9;44432;40.4;72.2;44259;44309;44445;71.9/84.6;114;113;213;147;66;-99;0.4;40.0;44349;44201;51.0/47.8;43.2/5.5;81.6/1.7;470.5;93.5;44231;...;44228;79.8/107.3;11.8/23.0;1.5/4.1;44355;44306;44351;60;35.6;0.3/0.1;19;5;89.6/54.4;43.6/7.2;32.25;;
Chad;MiddleAfrica;1284000;14900;44419;100.2;10009;44353;713.0;44311;39.0;35.6;76.6;2.0;44307;44413;64.0/79.3;146;151;1990;1371;619;-99;44258;44338;44289;44261;52.8/50.5;47.1/4.0;517.0/3.7;512.3;91.2;44350;~0.0;44410;88.0/114.6;14.0/30.7;1.1/5.7;44420;40.2;44379;43;4.0;0.7/~0.0;288;6;71.8/44.8;31.4/6.5;27150;;
Channel Islands;NorthernEurope;180;165;870.1;98.4;-99;-99;-99;-99;-99;-99;5.0;44340;70.5;44385;49.9/65.4;-99;-99;-99;-99;-99;-99;0.5;44347;0.8;44317;82.4/78.7;14.5/24.5;82.3/50.3;-99;44446;-99;-99;-99;-99;-99;-99;-99;-99;-99;-99;44231;-99;-99;-99;-99;-99;-99;;
Chile;SouthAmerica;756102;18055;44279;98.2;240796;44257;13416.2;44442;32.8;63.3;44356;44461;67.5;44414;50.7/74.7;111;111;59884;58804;1080;-4761;0.9;89.5;44197;44409;81.3/76.2;20.3/16.0;469.4/2.6;44380;44293;44415;...;44443;100.0/103.3;101.3/100.0;94.4/83.0;44423;129.5;64.3;197;44309;82.6/4.7;540;85;99.7/93.3;100.0/90.9;0.02;;
China; Hong Kong SAR;EasternAsia;1106;7365;7014.2;85.1;309236;44288;42431.0;0.1;44234;92.7;0.2;44453;84.9;44319;52.6/67.8;34;34;516588;547124;-30536;10101;0.6;100.0;0.7;44228;86.4/80.5;11.5/23.5;2838.7/38.9;44318;44348;-99;-99;44258;-99;98.8/102.8;73.7/63.5;-99;228.8;84.9;64;-99;46.2/6.4;-99;83;-99;-99;;-99
China; Macao SAR;EasternAsia;30;623;20821.6;92.3;46178;-20.3;78586.4;-99;44353;93.4;0.3;44394;82.1;44230;65.6/76.4;86;86;1257;8924;-7668;11557;44257;100.0;44409;44228;86.2/80.3;13.3/16.1;342.7/58.3;~0.0;3.0;-99;-99;2.0;99.7/101.1;95.9/97.0;86.3/65.2;-99;324.4;77.6;11;-99;1.3/2.2;2;62;-99;-99;;-99
China;EasternAsia;9600000;1409517;150.1;106.3;11158457;44445;8109.1;44236;41.1;49.7;27.0;44462;49.1;44351;63.0/77.7;132;133;2118981;1588696;530285;330602;0.5;55.6;3.0;44348;77.2/74.2;17.7/16.2;978.0/0.1;301.7;44358;44321;44317;-99;104.3/104.0;95.6/93.2;47.3/39.9;44400;93.2;50.3;1080;22.0;10291.9/7.5;101394;87;97.5/93.0;86.6/63.7;0.00;;
Colombia;SouthAmerica;1141748;49066;44.2;96.8;292080;44199;6056.1;44414;34.0;59.2;44329;44363;69.9;44326;58.0/79.8;114;115;31045;44831;-13786;-18922;1.0;76.4;44378;44440;77.4/70.2;23.5/11.6;133.1/0.3;7127.0;44456;44234;...;44320;111.6/115.4;101.5/94.8;59.9/51.5;44395;115.7;55.9;835;52.8;84.1/1.8;5380;31;96.8/73.8;85.2/67.9;0.47;;
Comoros;EasternAfrica;2235;814;437.4;101.8;1079;44412;1368.9;44407;4.0;65.3;62.0;44232;32.8;20.0;35.7/79.5;107;107;20;193;-173;...;44288;44283;44379;44351;64.5/61.2;39.8/4.9;12.6/1.6;...;58.1;44383;...;44259;99.5/106.8;62.4/58.4;8.0/9.8;44202;54.8;44323;114;44216;0.2/0.2;3;6;92.6/89.1;48.3/30.9;44328;;
Congo;MiddleAfrica;342000;5261;44301;100.1;8493;44228;1838.1;44381;70.0;44280;40.7;44433;33.5;44327;67.1/72.6;106;106;2540;9793;-7253;...;44349;65.4;44230;44443;64.1/61.0;42.3/5.2;393.0/8.5;54.9;46.5;44232;...;...;114.8/107.0;50.6/58.4;8.3/11.1;44293;111.7;44354;134;65.4;3.1/0.7;648;24;95.8/40.0;20.0/5.6;44317;;
Cook Islands;Polynesia;236;17;72.4;97.4;294;44321;14118.7;44204;9.0;82.9;44259;44388;84.0;44235;65.4/76.6;91;91;14;98;-84;-99;-1.2;74.5;0.9;44349;79.6/71.7;26.9/14.2;4.2/19.9;-99;44350;44289;...;44442;99.3/106.0;90.1/83.0;49.5/40.1;-99;-99;-99;75;62.9;0.1/3.4;-99;48;99.9/99.9;97.6/97.6;-99;;
Costa Rica;CentralAmerica;51100;4906;96.1;100.1;52958;44380;11015.0;44201;44337;73.4;44358;44215;69.3;44355;46.9/76.5;127;129;9908;15322;-5414;-2493;44197;76.8;44379;44440;81.7/76.7;21.6/13.6;421.7/8.8;44206;44264;44264;44228;44234;109.5/110.1;125.6/120.7;60.9/46.6;35.1;150.7;59.8;340;53.4;7.8/1.6;110;44;99.6/91.9;95.2/92.3;0.22;;
Croatia;SouthernEurope;56594;4189;74.9;93.1;48676;44348;11479.4;44200;44373;69.3;44236;44434;64.0;44388;46.3/58.4;91;91;13648;21830;-8182;2492;-0.4;59.0;0.1;44317;80.4/73.6;14.7/26.8;576.9/13.6;44331;44442;44415;44199;44351;98.1/97.8;100.6/95.9;79.8/58.8;44458;103.8;69.8;176;34.3;16.8/4.0;182;79;99.6/99.7;97.8/95.8;...;;
Cuba;Caribbean;109884;11485;107.9;100.1;87206;44290;7656.6;5.0;44336;74.5;44451;44388;75.3;3.0;42.1/68.3;100;101;18000;4911;13089;-99;0.2;77.1;0.1;44378;81.3/77.1;16.0/20.1;13.3/0.1;0.4;44321;44207;44323;...;94.9/100.1;102.7/98.2;43.0/30.1;48.9;44376;44227;339;30.2;34.8/3.0;212;47;96.4/89.8;94.4/89.1;...;;
Cyprus;WesternAsia;9251;1180;127.7;100.2;19561;44378;21941.9;44257;44357;87.2;44200;44393;79.2;44265;57.8/70.4;80;80;1920;6604;-4684;-576;0.9;66.9;0.9;44287;82.2/77.7;16.8/18.5;196.2/16.8;44243;44231;44293;44318;44202;99.3/99.3;99.4/100.1;69.4/51.1;44456;95.4;71.7;72;44395;6.1/5.2;5;72;100.0/100.0;100.0/100.0;-99;;
Czechia;EasternEurope;78868;10618;137.5;96.7;185156;44320;17561.7;44318;37.8;59.7;44318;37.0;60.5;44442;51.3/67.8;102;102;161248;140316;20932;1683;0.1;73.0;0.3;44317;81.2/75.1;15.4/25.6;405.1/3.8;6.0;44318;44293;44380;44200;99.9/99.6;106.1/105.1;76.3/54.2;20.0;129.2;81.3;53;34.5;96.5/9.2;1221;164;100.0/100.0;99.1/99.2;-99;;
Democratic People's Republic of Korea;EasternAsia;120538;25491;211.7;95.7;16283;-1.1;648.0;44368;46.2;32.2;58.9;44274;44429;44259;73.6/85.9;104;103;1010;2757;-1748;-99;0.5;60.9;0.7;2.0;74.1/67.2;20.6/13.5;48.5/0.2;-99;44334;-99;44410;-99;76.9/76.7;93.9/92.9;19.8/36.0;44271;44451;0.0;78;42.8;40.5/1.6;871;20;99.9/99.4;87.9/72.5;-99;;
Democratic Republic of the Congo;MiddleAfrica;2344858;81340;35.9;99.6;37569;7.0;486.2;44458;44.2;35.9;65.3;44444;44467;44350;70.4/71.8;104;104;5103;5906;-803;-1546;44258;42.5;4.0;44292;59.5/56.7;46.3/4.7;545.7/0.7;2163.3;73.2;44259;...;44229;101.8/112.0;33.3/53.6;4.2/9.1;44447;53.0;44411;349;67.4;4.7/0.1;1179;16;81.1/31.2;28.5/28.7;44204;;
Denmark;NorthernEurope;42921;5734;135.1;99.0;301308;44348;53149.3;44228;44461;75.8;44288;44246;78.4;6.0;58.1/66.0;105;105;94355;85133;9222;27582;0.5;87.7;0.6;44378;82.2/78.1;16.5/25.3;572.5/10.1;48.2;44319;44418;44350;44355;100.7/102.3;133.4/128.3;96.3/69.7;37.4;128.3;96.3;47;44300;33.5/5.9;666;119;100.0/100.0;99.6/99.6;-99;;
Djibouti;EasternAfrica;23200;957;41.3;100.7;1737;44322;1956.3;44258;44307;75.3;44430;44462;53.2;44353;36.5/68.5;133;133;134;987;-852;-548;44378;77.3;44348;44199;63.2/60.0;31.1/6.4;112.4/12.7;44458;55.3;44357;0.2;...;60.9/68.6;43.5/52.9;4.0/5.9;44418;34.7;44450;98;0.2;0.7/0.8;3;13;97.4/64.7;59.8/5.1;...;;
Dominica;Caribbean;750;74;98.6;103.0;512;-1.8;7051.1;44301;44240;71.5;...;...;...;...;.../...;110;111;23;214;-191;-72;0.5;69.5;0.8;...;.../...;.../...;6.7/9.2;-99;-99;44321;...;-99;114.8/117.2;99.8/101.2;-99;25.0;106.3;67.6;66;58.1;0.1/1.9;0;29;95.7/...;.../...;13181;;
Dominican Republic;Caribbean;48671;10767;222.8;99.2;67103;7.0;6373.6;44353;28.0;65.4;44209;44455;70.0;44300;52.3/78.6;136;138;3747;22725;-18978;-1335;44228;79.0;44349;44318;76.4/70.2;29.3/10.2;415.6/3.9;44256;44221;44290;44317;...;98.7/108.1;81.7/74.1;65.0/35.4;44434;82.6;51.9;184;40.4;21.5/2.1;28;28;85.4/81.9;86.2/75.7;0.43;;
Ecuador;SouthAmerica;257217;16625;66.9;99.9;100177;0.2;6205.1;44206;34.1;55.8;44402;44246;55.1;44413;49.1/79.9;118;119;16798;16189;609;-2201;44348;63.7;44440;44349;78.4/72.8;28.4/10.5;387.5/2.4;133.1;44217;44236;44378;5.0;107.9/107.4;109.2/105.3;45.3/34.6;41.6;79.4;48.9;2358;50.8;43.9/2.8;1247;42;93.4/75.5;87.0/80.7;0.31;;
Egypt;NorthernAfrica;1002000;97553;98.0;102.3;315917;44231;3452.3;44238;36.3;52.5;44311;44280;49.3;44327;23.1/76.2;120;122;22507;58053;-35545;-16786;44229;43.1;44378;44289;73.0/68.7;33.5/7.9;491.6/0.5;256.5;44457;44352;0.8;...;103.8/104.1;85.9/86.3;35.6/36.9;44453;111.0;35.9;156;0.1;201.9/2.2;3509;36;100.0/99.0;96.8/93.1;0.78;;
El Salvador;CentralAmerica;21041;6378;307.8;88.5;25850;44318;4219.4;44418;44433;63.3;44365;44247;61.2;44292;49.5/79.5;111;117;5335;9855;-4519;-920;0.5;66.7;44287;44229;77.1/67.9;27.4/11.6;42.0/0.7;44381;17.0;44414;...;44319;106.8/111.4;79.7/79.2;30.5/27.7;32.1;145.3;44465;86;13.0;6.3/1.0;86;28;97.5/86.5;82.4/60.0;0.36;;
Equatorial Guinea;MiddleAfrica;28052;1268;45.2;124.0;13812;-7.4;16344.1;44228;73.1;44402;44426;18.0;63.2;44384;71.5/91.8;117;118;7443;5456;1987;-99;44231;39.9;44199;5.0;58.4/55.5;37.2/4.4;10.8/1.3;-99;70.0;44411;...;-99;78.2/80.0;.../...;.../...;24.0;66.7;44276;177;56.3;5.3/6.5;841;87;72.5/31.5;79.9/71.0;0.15;;
Eritrea;EasternAfrica;117600;5069;50.2;100.4;4783;44412;914.9;44244;44339;59.3;57.0;44354;35.4;44262;77.8/90.1;109;109;16;3325;-3310;-99;2.0;44369;44201;44290;65.6/61.4;41.8/5.3;15.9/0.3;44257;45.0;44258;...;...;45.9/53.2;28.1/32.9;1.7/3.4;22.0;7.0;44197;122;15.0;0.7/0.1;27;7;73.2/53.3;44.6/7.3;...;;
Estonia;NorthernEurope;45227;1310;44469;88.2;22460;44287;17112.0;44289;44313;69.2;44411;29.0;67.3;44234;55.4/69.4;136;136;13952;15759;-1807;493;-0.3;67.5;-0.4;44348;81.2/71.8;16.4/25.9;202.3/15.4;84.2;44230;44292;44258;44321;98.5/98.3;114.7/115.6;84.8/55.4;44403;148.7;88.4;23;52.7;19.5/14.8;242;193;100.0/99.0;97.5/96.6;-99;;
Ethiopia;EasternAfrica;1104300;104957;105.0;99.7;59917;44356;602.8;40.5;16.0;43.5;70.5;44294;44217;44382;77.1/89.1;158;157;1724;19121;-17397;...;44349;44335;44443;44351;65.5/61.9;40.6/5.3;1072.9/1.1;745.7;45.8;44443;...;44320;97.2/106.9;34.4/35.9;5.3/10.9;38.8;42.8;44358;148;44328;11.6/0.1;1308;15;93.1/48.6;27.2/28.2;46874;;
Falkland Islands (Malvinas);SouthAmerica;12173;3;0.2;110.5;-99;-99;-99;-99;-99;-99;-99;-99;-99;44228;77.2/86.0;96;105;4;17;-13;-99;0.3;76.2;1.0;-99;-99;16.4/15.7;1.6/54.1;-99;-99;-99;-99;-99;-99;-99;-99;-99;163.5;98.3;23;0.0;0.1/18.9;0;257;-99;-99;-99;;
Faroe Islands;NorthernEurope;1393;49;35.3;107.2;-99;-99;-99;-99;-99;-99;...;...;...;4.0;79.4/86.0;102;102;1192;976;216;...;0.2;42.0;0.5;44288;84.5/78.3;21.0/22.5;5.5/11.4;-99;-99;-99;-99;-99;-99;-99;-99;-99;127.3;94.2;21;0.1;0.6/12.4;1;182;-99;-99;-99;;
Fiji;Melanesia;18272;906;49.6;103.1;4391;44350;4921.9;44266;44214;70.7;44276;44441;75.8;44384;37.0/71.2;88;88;926;2316;-1391;-72;0.7;53.7;44317;44349;72.9/66.9;28.5/9.9;13.8/1.5;~0.0;16.0;44320;...;44442;105.1/106.0;93.4/84.3;.../...;16.0;108.2;46.3;291;55.4;1.2/1.3;8;26;99.5/91.2;93.4/88.4;16834;;
Finland;NorthernEurope;338440;5523;44245;97.2;231960;0.2;42148.1;44318;44434;70.6;44231;22.0;73.8;44447;54.5/61.7;101;101;57326;60502;-3176;-979;0.4;84.2;0.5;44409;83.7/77.7;16.4/27.8;315.9/5.7;32.6;44257;44386;3.0;44234;101.4/101.7;156.3/142.8;95.6/79.3;42.0;135.5;92.7;36;73.1;47.3/8.6;757;257;100.0/100.0;99.4/88.0;-99;;
France;WesternEurope;551500;64980;118.7;96.7;2418946;44256;36304.2;44378;44335;78.8;44379;44336;76.8;44417;50.3/59.4;103;103;488885;560555;-71670;-4861;0.4;79.5;0.8;2.0;85.0/78.8;18.1/25.7;7784.4/12.1;356.2;44289;44327;44230;44321;105.0/105.7;111.2/110.1;71.0/57.9;44433;102.6;84.7;278;44438;303.3/4.7;5694;158;100.0/100.0;98.6/98.9;-99;;
French Guiana;SouthAmerica;83534;283;44289;100.0;-99;-99;-99;-99;-99;-99;-99;44453;58.3;44276;48.4/58.8;120;120;-99;-99;-99;-99;44410;84.4;44410;44319;82.6/76.1;33.2/8.4;106.1/39.5;-99;44264;-99;-99;-99;-99;-99;-99;-99;-99;-99;73;98.9;0.7/2.8;3;50;94.5/75.1;94.9/75.8;-99;;
French Polynesia;Polynesia;4000;283;77.3;103.7;5135;44348;18161.0;44410;44450;85.2;44447;44455;74.2;17.0;46.4/63.0;98;98;173;1491;-1319;208;0.7;55.9;0.9;44198;78.6/74.0;23.3/11.9;30.1/10.6;-99;44445;-99;-99;-99;-99;-99;-99;-99;94.9;64.6;175;42.3;0.8/2.9;1;43;100.0/100.0;98.5/98.5;-99;;
Gabon;MiddleAfrica;267668;2025;44446;105.6;13735;44442;7960.7;44411;54.5;41.7;44243;44215;64.8;44214;40.7/58.3;97;92;2851;2930;-79;...;44258;87.2;44379;4.0;65.8/63.1;35.9/6.4;268.4/15.6;44441;40.8;44289;...;44379;139.9/144.0;-99;.../...;44213;168.9;44339;270;88.5;5.2/3.1;559;64;97.2/66.7;43.4/31.5;0.73;;
Gambia;WesternAfrica;11295;2101;207.6;98.0;942;44381;473.2;44217;44453;64.0;44316;44300;55.2;44406;72.2/82.6;82;82;32;471;-439;...;44199;59.6;44259;44352;61.6/59.1;45.3/3.8;192.5/9.7;44446;49.8;44262;...;44410;96.8/90.1;.../...;2.5/3.7;44295;131.3;44213;67;48.1;0.5/0.3;7;7;94.2/84.4;61.5/55.0;13119;;
Georgia;WesternAsia;69700;3912;56.3;91.4;13965;44410;3491.4;9.0;44220;66.9;44.7;44238;44.1;44297;57.9/79.0;85;86;2114;7236;-5122;-1775;-1.4;53.6;-0.1;2.0;77.0/68.5;19.2/20.8;168.8/4.2;274.1;44238;44293;44412;2.0;118.2/115.5;103.8/103.6;47.8/39.2;16.0;129.0;45.2;120;40.6;9.0/2.2;61;47;100.0/100.0;95.2/75.9;11018;;
Germany;WesternEurope;357376;82114;235.6;97.0;3363600;44378;41686.2;0.6;44346;68.9;44287;44343;71.2;44231;54.5/66.1;111;111;1340752;1060672;280080;279969;0.2;75.3;0.2;44287;82.9/77.9;13.1/28.0;12005.7/14.9;1052.1;44289;44266;44200;5.0;104.7/105.2;99.6/105.6;66.8/69.7;37.0;116.7;87.6;116;32.7;719.9/8.9;5004;158;100.0/100.0;99.3/99.0;-99;;
Ghana;WesternAfrica;238537;28834;126.7;99.3;37156;44442;1355.6;19.0;44465;54.1;41.9;44241;43.8;44444;75.7/78.8;144;144;7221;11939;-4718;-2809;44288;54.0;44289;44231;62.6/60.7;38.5/5.3;399.5/1.5;44282;46.5;44350;...;44233;108.7/107.3;61.1/63.1;13.2/19.1;44389;129.7;44339;238;40.9;14.5/0.6;410;14;92.6/84.0;20.2/8.6;29677;;
Gibraltar;SouthernEurope;6;35;3457.1;101.8;-99;-99;-99;-99;-99;-99;-99;-99;-99;-99;.../...;-99;-99;234;533;-299;-99;0.6;100.0;0.1;-99;.../...;18.1/22.4;11.1/34.3;-99;-99;-99;-99;-99;-99;-99;-99;-99;129.5;65.0;31;0.0;0.5/16.5;-99;259;-99;-99;-99;;
Greece;SouthernEurope;131957;11160;86.6;96.9;194860;-0.2;17788.0;44200;44392;80.2;44451;15.0;72.1;23.0;44.1/60.1;86;87;27811;47595;-19784;218;-0.4;78.0;0.5;44256;83.3/78.0;14.2/26.5;1242.5/11.3;94.7;44258;44204;44261;...;97.1/98.1;103.4/109.5;113.7/114.0;44273;114.0;66.8;374;31.2;67.3/6.1;368;89;100.0/100.0;99.2/98.1;-99;;
Greenland;NorthernAmerica;2166086;56;0.1;112.1;2078;0.3;36976.7;10.0;44454;74.1;44351;44359;82.5;44386;-99;99;99;553;623;-71;-99;-0.1;86.4;0.7;2.0;73.4/68.7;21.0/13.2;6.0/10.7;-99;-99;-99;-99;-99;-99;-99;-99;-99;106.5;67.6;23;~0.0;0.5/9.0;2;154;100.0/100.0;100.0/100.0;-99;;
Grenada;Caribbean;345;108;317.1;100.9;954;44233;8933.8;44263;44452;77.8;-99;-99;-99;...;-99;103;103;30;350;-320;-213;0.4;35.6;0.3;44229;75.6/70.8;26.3/10.5;7.1/6.6;~0.0;44356;44202;...;...;102.9/106.8;99.0/99.4;97.9/84.5;33.3;112.2;53.8;54;50.0;0.2/2.3;0;35;99.0/95.3;97.5/98.3;20121;;
Guadeloupe;Caribbean;1705;450;266.0;86.4;-99;-99;-99;-99;-99;-99;44258;44329;65.5;44222;49.6/56.5;100;100;-99;-99;-99;-99;-~0.0;98.4;0.5;2.0;84.0/76.8;18.6/23.6;98.5/21.0;-99;44413;-99;-99;-99;-99;-99;-99;-99;-99;-99;73;43.0;2.6/5.5;5;80;99.3/99.8;97.0/89.5;-99;;
Guam;Micronesia;549;164;304.1;102.6;-99;-99;-99;-99;-99;-99;0.2;14.0;85.7;44387;55.2/68.7;88;88;-99;-99;-99;-99;0.3;94.5;44287;44288;81.5/76.4;24.7/14.0;76.1/44.8;-99;44356;-99;-99;-99;-99;-99;-99;-99;...;73.1;99;46.3;-99;-99;-99;99.5/99.5;89.8/89.8;-99;;
Guatemala;CentralAmerica;108889;16914;157.8;96.9;63794;44200;3903.5;44418;44254;62.0;32.0;44334;49.4;44288;41.7/84.0;158;158;10572;16987;-6415;-96;44198;51.6;44289;44230;75.6/69.2;35.1/6.9;76.4/0.5;44409;44465;44233;...;3.0;99.8/103.8;63.3/67.9;23.5/20.2;44389;111.5;44223;290;33.4;18.3/1.1;327;32;98.4/86.8;77.5/49.3;0.66;;
Guinea-Bissau;WesternAfrica;36125;1861;66.2;96.9;978;44412;530.0;45.0;44330;40.5;60.1;44413;34.1;44322;67.4/78.5;137;138;885;212;673;-53;44349;49.3;44200;44443;57.7/54.3;41.5/4.9;22.3/1.2;44416;80.4;44352;...;44229;.../...;.../...;-99;44390;69.3;44319;77;70.5;0.3/0.1;25;17;98.8/60.3;33.5/8.5;44264;;
Guinea;WesternAfrica;245857;12717;51.8;100.6;8875;0.1;703.9;44427;32.8;47.4;69.7;44293;44461;44414;79.4/85.1;130;131;1753;2082;-329;-1240;44257;37.2;44411;44201;58.4/57.4;42.3/5.2;228.4/1.8;44236;65.7;44352;...;44230;83.8/98.6;30.7/46.8;6.7/14.9;44460;87.2;44381;185;26.0;2.4/0.2;113;12;92.7/67.4;34.1/11.8;23955;;
Guyana;SouthAmerica;214969;778;4.0;101.9;3282;44199;4278.8;44364;44408;50.6;44304;44311;56.2;44266;41.9/77.0;142;143;1453;1625;-172;-144;0.6;44375;0.8;44349;68.6/64.0;29.0/8.6;15.4/2.0;~0.0;33.2;44232;...;44230;83.9/86.9;89.0/89.7;16.8/8.2;31.9;67.2;38.2;94;84.0;2.0/2.6;7;46;98.2/98.3;87.9/82.0;0.97;;
Haiti;Caribbean;27750;10981;398.4;97.8;8501;44378;793.7;44393;38.2;45.1;46.9;44359;40.6;44451;62.0/71.7;163;166;984;3316;-2332;-723;44287;58.6;44411;44199;64.4/60.2;33.0/7.3;39.5/0.4;44440;46.9;44354;-99;-99;-99;-99;-99;44349;69.9;44239;205;44319;2.9/0.3;136;16;64.9/47.6;33.6/19.2;26969;;
Holy See;SouthernEurope;~0;1;1800.0;219.2;-99;-99;-99;-99;-99;-99;-99;-99;-99;-99;-99;-99;-99;-99;-99;-99;-99;~0.0;100.0;~0.0;-99;-99;-99;0.8/100.0;-99;-99;-99;-99;-99;-99;-99;-99;-99;-99;-99;1;-99;-99;-99;-99;-99;-99;-99;;
Honduras;CentralAmerica;112492;9265;82.8;99.4;20365;44350;2521.9;13.0;44221;61.9;44315;44368;49.0;44352;47.6/84.5;122;119;3657;8448;-4791;-1291;44409;54.7;44199;44349;75.4/70.4;31.6/7.0;28.1/0.3;176.2;44435;44385;...;44444;110.1/111.3;77.0/64.8;25.4/18.8;44433;95.5;44306;301;42.1;9.5/1.2;105;28;97.4/83.8;86.7/77.7;31444;;
Hungary;EasternEurope;93024;9722;107.4;90.7;121715;44199;12350.6;44200;31.9;64.0;44259;44437;65.9;44320;46.6/62.4;99;99;103071;92044;11027;3946;-0.3;71.2;0.5;44256;78.8/71.7;14.3/26.0;449.6/4.6;44300;44443;44293;44258;44381;101.3/101.9;105.3/105.1;56.7/45.3;44206;118.9;72.8;66;44430;42.1/4.3;423;97;100.0/100.0;97.8/98.6;-99;;
Iceland;NorthernEurope;103000;335;44258;100.7;16780;44231;50936.0;44292;24.0;69.7;4.0;44394;78.2;44350;70.3/77.2;117;117;4450;5703;-1254;854;0.6;94.1;44256;2.0;83.8/80.6;20.1/20.1;37.5/11.4;0.5;44348;44447;44411;44415;98.6/99.7;121.0/116.3;103.1/60.2;47.6;114.0;98.2;27;0.5;2.0/6.1;284;952;100.0/100.0;98.7/100.0;-99;;
India;SouthernAsia;3287263;1339180;450.4;107.6;2116239;44354;1614.2;17.0;44406;53.2;44.3;44340;31.2;44289;27.0/79.1;143;142;260327;356705;-96378;-22457;44228;32.7;44288;44288;69.1/66.2;27.8/9.4;5241.0/0.4;211.1;41.3;44381;0.7;44411;115.1/102.8;74.5/73.5;26.7/27.0;44419;78.8;26.0;1052;44400;2238.4/1.7;23103;27;97.1/92.6;62.6/28.5;0.16;;
Indonesia;South-easternAsia;1910931;263991;145.7;101.4;861934;44412;3346.5;14.0;41.3;44.7;31.4;44308;46.2;44413;51.0/83.7;139;140;144490;135653;8837;-17697;44228;53.7;44379;44288;70.7/66.6;27.4/8.6;328.8/0.1;44421;25.0;44410;0.2;44350;104.4/107.2;86.0/85.7;25.7/22.9;44427;132.4;22.0;1281;50.6;464.2/1.8;19481;35;94.2/79.5;72.3/47.5;0.00;;
Iran (Islamic Republic of);SouthernAsia;1628750;81163;49.8;101.2;398563;0.4;5038.1;44355;39.1;52.3;44363;32.5;50.9;44266;16.3/73.2;106;107;45627;35333;10294;-99;44228;73.4;44198;44378;76.2/74.0;23.7/8.8;2726.4/3.4;978.3;44422;44323;44317;44441;111.7/106.3;88.9/89.4;67.7/75.9;44444;93.4;44.1;134;44353;649.5/8.3;13291;127;97.7/92.1;92.8/82.3;0.02;;
Iraq;WesternAsia;435052;38275;88.1;102.5;164234;-2.4;4509.0;44351;58.0;37.4;44306;21.0;58.6;44212;15.3/69.9;123;123;27341;45831;-18490;4121;44230;69.5;3.0;44351;71.4/67.0;40.4/5.0;353.9/1.0;4736.2;32.1;44321;0.9;-99;.../...;.../...;.../...;44280;93.8;44244;72;44440;168.4/4.8;6744;58;93.8/70.1;86.4/83.8;0.88;;
Ireland;NorthernEurope;69797;4762;69.1;98.4;283716;44281;60513.6;1.0;41.7;57.3;44412;44394;77.4;44354;51.9/67.1;102;102;129315;76997;52318;28967;0.3;63.2;44348;2.0;83.0/78.7;21.6/19.1;746.3/15.9;44326;44289;44415;44410;44260;102.0/100.9;129.4/125.6;87.6/80.1;44249;103.7;80.1;50;44449;34.1/7.3;84;114;97.9/97.8;89.1/92.9;-99;;
Isle of Man;NorthernEurope;572;84;147.9;98.2;-99;-99;-99;-99;-99;-99;...;...;...;44349;57.5/69.3;-99;-99;-99;-99;-99;-99;0.8;52.2;0.8;-99;-99;16.0/26.9;45.2/51.5;-99;-99;-99;-99;-99;-99;-99;-99;-99;-99;-99;3;44202;-99;0;3;-99;-99;-99;;
Israel;WesternAsia;22072;8322;384.5;98.7;299413;44318;37129.4;44256;44248;77.5;1.0;44456;81.0;44444;58.5/69.0;112;112;60571;65803;-5232;13642;44348;92.1;44287;3.0;83.7/80.0;27.9/16.1;2011.7/24.9;44.7;44289;44415;44350;44413;105.1/104.4;103.0/102.0;75.5/54.6;44343;133.5;78.9;174;44323;64.6/8.1;313;119;100.0/100.0;100.0/100.0;-99;;
Italy;SouthernEurope;302073;59360;201.8;95.1;1821580;0.7;30462.4;44229;44339;74.2;44319;44223;69.4;44297;39.2/57.8;89;89;461529;404578;56951;29348;-0.1;69.0;0.4;44287;84.7/79.9;13.5/29.4;5788.9/9.7;216.7;3.0;44236;44442;44200;100.6/101.4;101.7/104.1;72.2/53.2;31.0;151.3;65.6;359;31.4;320.4/5.4;1539;103;100.0/100.0;99.5/99.6;-99;;
Jamaica;Caribbean;10990;2890;266.9;99.0;14262;1.0;5105.8;44203;44277;70.5;44456;44270;66.8;44209;58.1/72.7;102;102;1202;4767;-3565;-400;0.4;54.8;0.9;44198;77.9/73.1;22.7/13.6;23.2/0.8;~0.0;15.0;44291;...;44321;.../...;85.1/79.2;34.6/20.1;44333;111.5;43.2;311;31.0;7.4/2.7;8;37;97.5/89.4;79.9/84.1;0.42;;
Japan;EasternAsia;377930;127484;349.7;95.4;4383076;44228;34628.7;44228;44312;72.4;44380;44342;69.8;3.0;48.9/69.7;96;97;644932;606924;38008;135608;-0.1;93.5;0.6;44287;86.4/80.0;12.9/33.4;2043.9/1.6;44305;44229;44237;44257;44350;101.2/101.3;101.9/101.6;60.9/65.7;44264;125.0;93.3;404;68.5;1214.0/9.6;1114;146;100.0/100.0;100.0/100.0;-99;;
Jordan;WesternAsia;89318;9702;109.3;102.6;37517;44288;4940.1;4.0;44404;68.4;2.0;44425;80.2;44299;14.5/64.5;134;135;7509;19207;-11698;-3332;44443;83.7;44411;44350;75.5/72.2;35.5/5.7;3112.0/41.0;721.4;44213;44323;44349;-99;97.6/97.1;84.8/80.2;47.3/42.5;44301;179.4;53.4;113;44197;26.5/3.6;7;47;97.8/92.3;98.6/98.9;29342;;
Kazakhstan;CentralAsia;2724902;18204;44383;93.9;181754;44228;10312.1;5.0;32.5;62.5;44214;44306;61.6;44352;66.3/77.5;126;127;36775;25175;11601;-5464;44348;53.2;0.9;44379;73.9/64.3;27.9/11.1;3546.8/20.1;44236;44210;44290;44258;44410;109.1/108.8;113.5/110.6;51.3/41.4;44223;187.2;72.9;82;44228;248.3/14.3;7091;193;99.4/85.6;97.0/98.1;0.05;;
Kenya;EasternAfrica;591958;49700;87.3;98.8;63399;44352;1376.7;32.0;19.0;49.0;61.9;44355;44345;44418;62.4/72.4;126;126;5688;14109;-8420;-6339;44379;44372;44259;44200;67.8/63.0;40.5/4.3;1084.4/2.4;582.4;39.4;44382;0.2;44260;108.7/109.3;.../...;.../...;44305;80.7;45.6;480;44384;14.3/0.3;750;20;81.6/56.8;31.2/29.7;34029;;
Kiribati;Micronesia;726;116;143.7;97.3;162;44380;1442.9;44220;44360;62.2;...;...;...;...;.../...;61;61;3;116;-113;45;44409;44.3;44409;44411;68.9/62.4;35.0/6.4;3.2/2.8;-99;46.9;44237;0.2;...;106.1/102.9;.../...;-99;44322;38.8;13.0;104;15.0;0.1/0.6;0;8;87.3/50.6;51.2/30.6;44336;;
Kuwait;WesternAsia;17818;4136;232.1;134.9;114054;44409;29303.9;0.6;48.7;50.7;44349;44282;70.1;44229;47.7/83.6;199;199;46238;30825;15413;8584;44291;98.3;44350;2.0;75.5/73.5;21.1/4.9;2866.1/73.6;94.7;44294;3.0;44440;...;103.0/102.4;102.7/88.2;33.1/20.4;44199;231.8;82.1;49;0.4;95.4/25.4;6941;380;99.0/99.0;100.0/100.0;-99;;
Kyrgyzstan;CentralAsia;199949;6045;44347;98.4;6572;44319;1106.4;44301;44464;58.7;29.2;21.0;49.8;44384;49.7/77.5;108;110;1423;3844;-2421;-721;44348;35.7;44348;44199;74.3/66.4;31.8/7.6;204.4/3.4;44235;44366;44322;44440;44321;106.8/107.9;92.8/91.4;53.3/40.8;44246;132.8;30.2;44;44289;9.6/1.7;80;27;96.7/86.2;89.1/95.6;42705;;
Lao People's Democratic Republic;South-easternAsia;236800;6858;44406;99.5;12585;44354;1850.2;44370;32.8;43.6;78.3;4.0;44394;44317;77.9/77.8;193;186;2066;4513;-2447;-2264;44256;38.6;44443;44441;66.8/63.9;32.9/6.3;22.2/0.3;-99;47.3;44440;0.2;44258;109.1/113.5;59.3/64.1;16.5/17.3;44343;53.1;44245;209;80.5;2.0/0.3;72;12;85.6/69.4;94.5/56.0;44259;;
Latvia;NorthernEurope;64573;1950;44286;84.9;27004;44379;13704.1;44230;44278;73.5;44262;23.0;69.7;44356;54.5/67.7;130;130;11433;13596;-2163;-210;-1.2;67.4;-0.7;44317;78.7/68.8;15.4/26.2;263.1/13.4;252.6;44322;44444;44230;44260;99.2/100.1;119.1/119.9;79.2/55.5;16.0;127.0;79.2;30;54.0;7.0/3.5;108;99;99.8/98.3;90.8/81.5;-99;;
Lebanon;WesternAsia;10452;6082;594.6;100.6;50149;44317;8571.4;44230;44366;77.2;44235;44308;69.4;7.0;23.8/70.6;95;95;3402;20409;-17007;-8146;6.0;87.8;44230;44378;80.9/77.3;23.1/12.0;1997.8/34.1;1054.2;44236;44292;44288;44349;88.3/96.6;61.0/61.5;45.7/39.5;44199;87.1;74.0;87;44299;24.1/4.3;7;55;99.0/99.0;80.7/80.7;44288;;
Lesotho;SouthernAfrica;30355;2233;73.6;94.4;2008;44410;940.6;44384;44286;61.0;39.7;20.0;40.3;44343;59.7/74.6;101;100;648;1727;-1079;-168;44256;44282;3.0;44258;54.7/50.1;35.4/6.7;6.6/0.3;~0.0;59.8;44357;...;...;104.0/107.0;62.0/45.7;11.7/8.0;25.0;105.5;44212;18;44348;2.5/1.2;31;28;94.6/77.0;37.3/27.6;44504;;
Liberia;WesternAfrica;111369;4732;49.1;101.8;2053;0.3;455.9;70.8;44297;44456;45.3;44388;43.0;44200;57.9/64.1;104;121;641;727;-86;-860;44349;49.7;44289;44412;61.6/59.8;41.8/4.9;113.8/2.5;44218;59.0;10.0;...;44410;89.1/98.5;32.5/41.9;9.0/14.2;44267;81.1;44444;172;43.7;0.9/0.2;73;19;88.6/62.6;28.0/5.9;61.73;;
Libya;NorthernAfrica;1676198;6375;44350;101.7;34457;-10.2;5488.2;0.9;67.1;32.0;44215;44221;55.8;44246;27.8/78.4;113;114;4615;8876;-4261;-108;0.2;78.6;44197;44288;74.4/68.8;28.2/6.6;771.1/12.3;472.5;44279;5.0;44198;-99;.../...;.../...;.../...;16.0;157.0;19.0;63;0.1;57.0/9.1;1505;119;.../...;96.8/95.7;0.51;;
Liechtenstein;WesternEurope;160;38;237.0;98.4;6361;44287;169491.8;0.7;40.1;59.2;-99;-99;-99;44349;53.5/70.6;102;102;-99;-99;-99;-99;0.8;44269;0.5;44317;-99;14.9/22.7;23.5/62.6;0.3;-99;-99;-99;44349;104.8/106.5;101.7/130.7;21.9/44.8;12.0;108.8;96.6;6;43.1;~0.0/1.1;1;74;-99;-99;-99;;
Lithuania;NorthernEurope;65286;2890;46.1;85.4;41402;44409;14383.7;44350;44437;66.5;44385;44340;66.8;44236;54.1/66.1;125;125;25025;27501;-2476;-977;-1.3;66.5;-0.5;44348;79.3/68.5;14.8/25.3;136.0/4.7;44381;44290;44353;44259;44351;103.7/103.2;106.1/110.3;82.0/55.8;44276;139.5;71.4;26;34.8;12.8/4.4;74;98;99.7/90.4;97.2/82.8;-99;;
Luxembourg;WesternEurope;2586;584;225.3;101.0;56802;44319;100160.8;0.2;44208;87.7;44256;44237;88.5;44352;52.0/65.5;98;98;12838;19124;-6285;2962;44229;90.2;44378;44317;83.4/78.8;16.4/19.6;249.3/44.0;44231;44289;44445;44441;44200;97.3/96.9;103.5/101.1;20.7/18.2;44283;148.5;97.3;11;33.5;9.7/17.3;6;290;100.0/100.0;97.5/98.5;-99;;
Madagascar;EasternAfrica;587295;25571;44.0;99.5;9739;44199;401.8;44463;44304;56.7;74.2;44295;44332;44257;83.8/89.0;119;120;2256;2965;-709;-622;44379;35.1;44381;44290;66.0/63.0;41.0/4.8;32.1/0.1;0.1;36.8;3.0;0.1;44198;148.9/148.9;38.1/38.8;4.6/5.0;44246;46.0;44231;1324;44337;3.1/0.1;129;7;81.6/35.3;18.0/8.7;44323;;
Malawi;EasternAfrica;118484;18622;197.5;98.2;6420;3.0;372.9;44222;44363;57.3;69.9;44412;44311;44414;81.3/81.0;149;150;875;1649;-774;-710;44441;44271;44411;44443;63.1/58.2;44.0/4.3;215.2/1.2;44402;66.5;44297;...;44352;147.0/144.0;41.0/45.8;0.6/1.0;44393;35.3;44264;176;33.6;1.3/0.1;89;6;95.7/89.1;47.3/39.8;16.53;;
Malaysia;South-easternAsia;330323;31624;96.3;106.7;296284;5.0;9768.4;44355;39.6;51.8;44419;44282;60.9;44258;49.3/77.8;122;130;189414;168375;21039;8960;44409;74.7;44379;44198;77.1/72.6;24.3/9.7;2514.2/8.3;238.6;44322;44231;44256;5.0;101.9/101.7;80.7/74.6;31.8/20.8;44296;143.9;71.1;1272;67.5;242.8/8.1;3738;118;100.0/93.0;96.1/95.9;0.00;;
Maldives;SouthernAsia;300;436;1454.4;131.8;3435;44410;9446.5;44199;22.0;74.9;44384;44430;69.5;44441;57.8/79.6;65;65;140;2128;-1988;-326;44410;45.5;44320;44229;77.4/75.4;23.4/6.3;94.1/25.9;-99;9.0;44390;...;44232;98.6/97.3;.../...;20.3/12.4;44444;206.7;54.5;75;44258;1.3/3.7;0;54;99.5/97.9;97.5/98.3;0.95;;
Mali;WesternAfrica;1240192;18542;44242;100.2;13100;44354;744.3;39.9;44366;40.5;56.7;44391;44375;44204;50.5/82.3;154;157;3030;2510;520;-676;44441;39.9;44201;44292;56.9/55.6;47.7/4.0;363.1/2.1;90.8;78.5;7.0;...;44380;72.1/79.3;36.8/45.6;4.1/9.6;44416;139.6;44265;42;44442;1.4/0.1;55;4;96.5/64.1;37.5/16.1;16681;;
Malta;SouthernEurope;315;431;1346.4;100.9;9747;44233;23280.7;44287;15.0;83.6;44228;44459;77.9;44291;39.4/65.7;96;96;4039;7182;-3143;539;0.5;95.4;0.5;44287;82.0/78.6;14.4/26.1;41.4/9.9;44204;44412;44386;44442;44415;104.7/102.2;98.1/91.7;55.2/40.3;44328;129.3;76.2;39;44197;2.3/5.6;1;78;100.0/100.0;100.0/100.0;-99;;
Marshall Islands;Micronesia;181;53;295.2;104.5;183;0.6;3452.6;44302;44237;73.3;...;...;...;44381;29.0/53.3;115;115;27;86;-58;-5;0.2;72.7;0.6;44200;72.5/71.3;39.0/5.5;3.3/6.2;-99;44311;44213;0.5;...;93.3/93.5;80.4/73.1;41.2/44.6;44205;29.2;44274;101;70.2;0.1/1.9;0;27;93.5/97.6;84.5/56.2;44524;;
Martinique;Caribbean;1128;385;363.1;83.5;-99;-99;-99;-99;-99;-99;44442;44419;69.0;44430;52.6/53.8;78;78;-99;-99;-99;-99;-0.5;88.9;0.2;2.0;84.4/77.8;17.7/25.7;61.7/15.6;-99;44292;-99;-99;-99;-99;-99;-99;-99;-99;-99;48;45.8;2.3/5.8;1;79;100.0/99.8;94.0/72.7;-99;;
Mauritania;WesternAfrica;1030700;4420;44259;101.6;5023;44228;1235.0;44459;41.7;37.4;40.3;44325;50.2;12.0;29.3/65.5;125;125;1623;2174;-551;-1066;44441;59.9;44319;44443;64.1/61.2;39.9/5.0;138.2/3.4;69.0;68.0;44411;...;44441;105.0/100.0;29.5/31.7;3.6/7.1;44252;89.3;44242;86;0.2;2.7/0.7;31;13;58.4/57.1;57.5/13.8;44232;;
Mauritius;EasternAfrica;1969;1265;623.2;97.9;11511;44319;9040.9;44441;44399;74.4;44262;44252;67.5;44354;46.9/74.3;96;96;2194;4655;-2461;-566;0.2;39.7;-0.1;44317;77.7/70.7;18.4/16.6;28.6/2.2;-99;12.0;44412;...;44443;103.9/102.2;97.9/93.6;41.7/31.7;44358;140.6;50.1;257;19.0;4.2/3.3;10;51;99.9/99.8;93.9/92.6;0.67;;
Mayotte;EasternAfrica;-99;253;674.8;96.7;-99;-99;-99;-99;-99;-99;-99;-99;-99;-99;-99;-99;-99;...;...;...;-99;44410;47.0;44440;44200;82.9/76.0;40.6/5.8;77.0/32.1;-99;44231;-99;-99;-99;-99;-99;-99;-99;...;...;88;44212;-99;0;19;-99;-99;-99;;
Mexico;CentralAmerica;1964375;129163;66.4;99.2;1140724;44318;8980.9;44350;36.0;60.4;44299;44252;61.3;44200;45.5/79.5;120;120;373883;387064;-13181;-33216;44287;79.2;44348;44257;78.9/74.0;26.7/10.1;1193.2/0.9;44444;44426;44261;44198;44260;103.2/103.6;93.5/87.7;30.0/29.9;42.6;85.3;57.4;1162;34.0;480.3/3.8;8514;62;97.2/92.1;88.0/74.5;0.03;;
Micronesia (Federated States of);Micronesia;702;106;150.8;105.1;315;44380;3015.2;44435;44322;65.8;-99;-99;-99;-99;-99;99;99;6;40;-34;22;0.2;44308;0.3;44258;69.8/67.7;33.1/8.0;2.8/2.6;~0.0;33.2;44390;...;44328;95.7/95.4;.../...;-99;0.0;44285;44347;167;91.8;0.2/1.4;0;22;94.8/87.4;85.1/49.0;34.11;;
Monaco;WesternEurope;2;39;25969.8;94.7;6258;44291;165870.6;-99;44299;86.6;-99;-99;-99;...;.../...;-99;-99;-99;-99;-99;-99;0.6;100.0;0.8;-99;-99;.../...;21.0/55.8;~0.0;-99;44259;44353;1.0;-99;-99;-99;44428;88.8;93.4;21;-99;-99;-99;-99;100.0/...;100.0/...;-99;;
Mongolia;EasternAsia;1564116;3076;2.0;97.9;11758;44257;3973.4;44422;34.1;51.1;44314;44397;51.0;44261;56.8/69.3;147;149;4917;3358;1559;-948;44440;72.0;44410;44410;72.7/64.5;29.7/6.6;17.6/0.6;~0.0;44430;44381;44441;44351;100.0/101.8;92.4/90.5;79.7/57.7;44213;105.0;44307;41;44204;20.8/7.2;677;84;66.4/59.2;66.4/42.6;44228;;
Montenegro;SouthernEurope;13812;629;46.8;97.4;4020;44320;6424.1;44417;44333;72.6;44323;44272;75.2;44303;41.8/55.9;66;66;354;2263;-1908;-533;0.1;64.0;0.3;44378;78.8/74.0;18.1/21.3;82.5/13.2;16.0;44200;44292;44257;-99;93.3/95.2;90.3/90.4;.../...;44339;162.2;64.6;98;61.5;2.2/3.5;29;64;100.0/99.2;98.0/92.2;16103;;
Montserrat;Caribbean;103;5;51.8;106.0;59;0.4;11553.4;44287;44389;85.9;-99;-99;-99;44352;.../...;103;103;4;36;-32;-27;0.7;9.0;0.7;...;-99;19.7/19.6;1.4/26.4;...;-99;-99;-99;...;.../...;.../...;-99;-99;96.6;54.6;55;25.0;~0.0/9.6;-99;133;99.0/99.0;.../...;-99;;
Morocco;NorthernAfrica;446550;35740;80.1;98.1;100359;44290;2919.3;44390;44467;57.4;32.6;44397;46.8;44296;25.6/74.5;130;130;22858;41696;-18838;-2161;44287;60.2;44257;44349;76.0/73.7;27.4/10.7;88.5/0.3;44292;44224;44444;0.6;...;111.6/117.7;63.5/74.4;27.5/28.7;44336;126.9;57.1;207;44359;59.9/1.7;78;23;98.7/65.3;84.1/65.5;18629;;
Mozambique;EasternAfrica;799380;29669;37.7;95.5;14806;44353;529.2;44371;21.0;54.4;75.0;44200;21.0;44220;82.2/75.6;137;137;3352;5295;-1943;-5833;44441;32.2;44258;44291;58.1/54.0;44.8/4.8;222.9/0.8;24.0;67.3;7.0;0.1;44322;101.2/110.4;31.1/33.8;5.4/7.4;39.6;74.2;9.0;309;48.5;8.4/0.3;779;20;80.6/37.0;42.4/10.1;20059;;
Myanmar;South-easternAsia;676577;53371;81.7;95.5;62601;44262;1161.5;44403;34.5;38.7;44370;44361;61.7;0.8;74.7/80.8;130;128;11673;15696;-4023;-3921;0.9;34.1;44318;44257;68.3/63.7;26.8/9.4;73.3/0.1;1392.1;45.0;44257;0.6;-99;98.3/101.0;52.0/50.6;14.9/12.1;44237;76.7;44429;321;45.3;21.6/0.4;1078;15;92.7/74.4;84.3/77.1;44958;;
Namibia;SouthernAfrica;824116;2534;44199;94.7;11491;44260;4673.6;44353;44377;62.8;44225;44361;56.3;44463;56.4/64.3;88;89;4816;6721;-1905;-1700;44229;46.7;44231;44350;64.3/59.1;36.7/5.5;93.9/3.8;44412;36.4;-99;...;...;109.5/113.3;.../...;.../...;41.3;102.1;44277;115;44324;3.8/1.6;19;31;98.2/84.6;54.5/16.8;45292;;
Nauru;Micronesia;21;11;568.0;101.9;189;44395;18469.2;3.0;59.9;37.1;-99;-99;-99;23.0;49.3/78.9;112;112;-99;-99;-99;-99;44257;100.0;0.2;44442;64.8/57.8;39.5/4.0;3.2/31.1;0.8;18.0;44258;...;-99;100.4/109.5;83.4/81.9;-99;44326;67.8;54.0;82;0.0;~0.0/4.8;0;63;96.5/...;65.6/...;-99;;
Nepal;SouthernAsia;147181;29305;204.4;94.3;20658;44379;724.5;44439;44453;53.3;72.6;44449;44332;3.0;79.7/86.7;139;139;703;5249;-4547;2447;44228;44365;44230;44257;70.4/67.4;30.9/8.8;518.3/1.8;44407;32.8;44413;...;44380;141.2/130.7;72.2/67.1;15.1/14.8;44376;96.8;44364;104;44311;8.0/0.3;451;19;90.9/91.8;56.0/43.5;26785;;
Netherlands;WesternEurope;41542;17036;505.2;99.0;750318;2.0;44332.1;44409;20.0;78.2;44229;44454;81.9;44352;57.3/69.7;115;115;511714;420969;90745;65129;0.3;90.5;1.0;44378;83.1/79.4;16.4/25.0;1979.5/11.7;116.3;44319;44449;44289;44321;104.4/105.0;136.3/134.7;82.5/74.7;38.0;123.5;93.1;40;44207;167.3/9.9;2447;178;100.0/100.0;97.5/99.9;-99;;
New Caledonia;Melanesia;18575;276;44211;101.5;8937;44230;33965.7;44287;26.0;72.6;3.0;44465;70.1;44211;45.5/66.9;102;103;1344;2422;-1079;-1469;44287;70.2;44229;44229;79.3/73.7;22.5/14.2;64.3/24.4;-99;13.0;-99;-99;-99;-99;-99;-99;-99;93.5;74.0;526;45.9;4.3/16.5;1;215;98.5/98.5;100.0/100.0;-99;;
New Zealand;Oceania;268107;4706;44456;96.7;173417;44199;38294.3;44322;23.0;70.6;44444;44307;72.6;44321;62.1/72.8;116;118;33833;36423;-2589;-5501;44197;86.3;1.0;2.0;83.1/79.5;19.8/20.8;1039.7/23.0;44378;44290;11.0;44441;44292;99.1/99.6;119.9/113.4;96.7/71.6;34.2;121.8;88.2;199;38.6;34.7/7.7;783;207;100.0/100.0;-99;-99;;
Nicaragua;CentralAmerica;130373;6218;51.7;97.2;12693;44443;2086.9;44426;44434;54.4;44220;44330;61.4;44202;49.6/80.6;130;130;2225;5927;-3701;-1045;44228;58.8;2.0;44257;77.5/71.4;29.0/8.4;40.3/0.7;0.6;20.0;9.0;0.9;...;.../...;.../...;.../...;45.7;116.1;44396;144;44464;4.9/0.8;91;26;99.3/69.4;76.5/55.7;24898;;
Niger;WesternAfrica;1267000;21477;17.0;100.6;7143;44350;359.0;39.6;44215;41.3;62.3;44300;44278;44379;40.4/89.2;148;148;927;1861;-933;-1150;44411;44395;44201;44293;59.5/57.6;50.2/4.2;189.3/1.0;312.5;65.8;6.0;...;44383;66.8/77.9;17.2/24.2;0.9/2.6;17.0;46.5;44229;34;0.9;2.1/0.1;101;5;100.0/48.6;37.9/4.6;46357;;
Nigeria;WesternAfrica;923768;190886;209.6;102.7;494583;44379;2714.5;44459;44306;58.8;44466;44391;57.4;44291;48.5/64.3;116;117;104084;36533;67551;-15763;44379;47.8;44381;44382;52.6/51.2;44.0/4.5;1199.1/0.7;2437.5;76.3;44380;...;-99;92.8/94.5;53.5/57.8;8.3/11.8;44352;82.2;47.4;361;44204;96.3/0.6;10851;32;80.8/57.3;32.8/25.4;0.52;;
Niue;Polynesia;260;2;44233;100.0;-99;-99;-99;-99;-99;-99;...;...;...;...;.../...;101;101;-99;-99;-99;-99;-0.1;42.5;-0.9;44349;76.3/70.1;22.8/20.1;0.6/34.6;-99;44204;44293;...;-99;120.2/147.2;114.1/104.1;-99;-99;...;79.6;52;70.0;~0.0/5.7;0;62;98.4/98.6;100.0/100.0;-99;;
Northern Mariana Islands;Micronesia;457;55;119.9;107.1;-99;-99;-99;-99;-99;-99;...;...;...;...;.../...;-99;-99;1735;4553;-2818;-99;0.1;89.2;0.4;44348;77.9/74.9;23.5/10.0;21.6/39.3;-99;44292;-99;-99;-99;-99;-99;-99;-99;...;-99;102;64.5;-99;-99;-99;97.5/97.5;79.7/79.7;-99;;
Norway;NorthernEurope;386194;5305;44330;101.8;386578;44348;74185.5;44409;34.6;63.5;44229;44247;77.6;44201;61.1/68.3;103;104;89120;72473;16647;33746;44228;80.5;44256;44409;83.6/79.5;17.8/22.3;741.8/14.2;73.2;44288;44386;44290;44293;100.3/100.5;111.1/114.7;91.5/62.8;39.6;113.6;96.8;64;33.2;47.6/9.2;8204;233;100.0/100.0;98.0/98.3;-99;;
Oman;WesternAsia;309500;4636;15.0;192.8;69832;44382;15550.8;44317;51.1;47.3;5.0;39.6;55.4;44425;30.1/85.4;134;134;24455;23260;1195;-10807;44322;77.6;44324;44441;78.7/74.5;21.8/4.0;1845.0/41.1;0.6;44356;44350;44317;5.0;111.2/107.4;107.9/101.0;-99;44228;159.9;74.2;99;~0.0;61.2/14.4;3101;239;95.5/86.1;97.3/94.7;...;;
Pakistan;SouthernAsia;796095;197016;255.6;105.6;266458;44321;1410.4;44341;19.0;55.5;42.1;44427;38.1;44444;24.8/82.5;135;138;20534;46998;-26464;-1603;44198;38.8;44410;44380;66.8/65.0;34.8/6.7;3629.0/1.9;2739.4;69.8;44349;0.8;44349;85.2/99.7;39.2/49.5;9.2/10.6;44367;66.9;18.0;140;2.0;166.3/0.9;2202;17;93.9/89.9;83.1/51.1;11689;;
Palau;Micronesia;459;22;47.2;113.3;258;44382;12122.5;44411;8.0;88.2;...;...;...;...;.../...;-99;-99;7;154;-147;-24;0.8;87.1;44378;44229;77.8/68.1;20.3/13.1;5.7/26.6;~0.0;44268;9.0;...;...;99.0/100.3;95.2/96.2;76.1/49.1;44328;111.5;-99;182;87.6;0.3/12.4;-99;172;97.0/86.0;100.0/100.0;44321;;
Panama;CentralAmerica;75320;4099;55.1;100.4;52132;44413;13268.1;44410;44223;70.0;44330;44366;65.9;44233;50.5/80.4;117;118;636;11697;-11061;-3377;44378;66.6;44198;44349;80.5/74.3;27.4/11.4;184.7/4.7;44337;44242;8.0;44348;44230;100.9/103.5;78.3/72.9;46.5/31.2;44273;174.2;51.2;383;62.3;8.8/2.3;31;35;97.7/88.6;83.5/58.0;0.02;;
Papua New Guinea;Melanesia;462840;8251;44245;103.5;21315;44353;2797.6;44216;44255;51.8;68.3;44382;26.0;44318;69.6/71.2;84;83;8760;8874;-114;5326;44229;13.0;44198;44411;67.4/62.6;35.9/6.1;25.8/0.3;44386;49.0;44259;...;-99;109.3/119.8;34.6/45.8;-99;44379;46.6;44446;493;74.1;6.3/0.8;114;22;88.0/32.8;56.4/13.3;18688;;
Paraguay;SouthAmerica;406752;6811;44213;102.9;27714;44199;4174.4;19.0;44345;51.6;44366;44335;61.0;44321;58.3/84.7;160;166;8494;9753;-1259;-462;44256;59.7;44198;44349;74.9/70.7;29.4/9.4;156.5/2.4;0.2;44436;44417;44256;5.0;104.3/107.6;79.1/74.2;.../...;44421;105.4;44.4;59;39.4;5.7/0.9;325;38;100.0/94.9;95.5/78.4;0.22;;
Peru;SouthAmerica;1285216;32166;44221;99.8;190428;44258;6069.1;44354;33.3;59.2;44310;44272;58.3;44260;66.1/82.8;145;148;36040;36185;-145;-9210;44256;78.6;44378;44318;76.8/71.5;27.4/10.4;90.9/0.3;44318;44365;44321;44197;4.0;101.7/101.7;95.8/95.7;.../...;44404;109.9;40.9;685;57.9;61.7/2.0;1020;30;91.4/69.2;82.5/53.2;0.18;;
Philippines;South-easternAsia;300000;104918;351.9;101.3;292449;44444;2904.2;44326;44286;58.2;44404;44271;56.1;44444;50.8/78.9;122;120;56313;85909;-29596;7694;44348;44.4;44256;3.0;72.1/65.4;31.7/7.6;211.9/0.2;240.2;44249;44381;...;...;116.9/116.8;92.7/84.4;40.3/31.4;44345;118.1;40.7;783;44253;105.7/1.1;991;19;93.7/90.3;77.9/70.8;0.15;;
Poland;EasternEurope;312679;38171;124.6;93.4;477066;44442;12355.5;44349;34.1;63.3;44449;44376;59.5;44260;49.1/64.9;113;113;196455;188518;7937;-2932;-~0.0;60.5;-0.1;44256;81.0/72.9;14.8/24.0;619.4/1.6;44400;44320;44292;44257;44443;100.7/100.5;106.1/110.0;82.6/54.2;28.0;148.7;68.0;58;44407;285.7/7.4;2819;102;99.3/96.9;97.5/96.7;-99;;
Portugal;SouthernEurope;92226;10330;112.8;89.8;199122;44348;19239.2;44257;44277;75.4;8.0;44431;68.2;44326;53.3/63.7;104;104;55658;67580;-11922;842;-0.4;63.5;1.0;44256;83.5/77.3;13.6/27.9;837.3/8.1;44409;44441;44325;44290;44201;105.3/109.4;117.3/121.0;65.7/58.0;34.8;110.4;68.6;281;34.9;45.1/4.3;250;84;100.0/100.0;99.6/99.8;-99;;
Puerto Rico;Caribbean;8868;3663;413.0;92.6;102906;-~0.0;27939.0;0.8;50.0;49.1;2.0;44333;80.5;44420;34.4/51.7;110;111;-99;-99;-99;-99;-0.2;93.6;-0.2;44317;83.2/75.2;17.9/20.4;275.0/7.5;-99;44261;-99;-99;44292;90.4/89.1;83.9/78.8;98.8/70.1;-99;87.1;79.5;126;55.5;-99;1;16;.../...;99.3/99.3;-99;;
Qatar;WesternAsia;11607;2639;227.3;301.2;164641;44350;73653.4;0.2;56.4;43.5;44228;54.1;44.7;0.3;53.1/93.6;154;154;57254;32058;25196;13751;44353;99.2;6.0;2.0;79.4/76.8;13.9/2.8;1687.6/75.5;44317;44234;44229;2.0;44350;103.6/102.4;103.6/82.0;43.9/6.3;0.0;153.6;92.9;39;0.0;107.9/49.7;9166;846;100.0/100.0;98.0/98.0;-99;;
Republic of Korea;EasternAsia;100284;50982;524.3;100.2;1377873;44349;27396.7;44257;38.0;59.7;5.0;44401;70.3;44350;50.2/71.9;104;104;495418;406182;89236;105871;0.4;82.5;0.7;44228;84.4/77.9;13.5/20.1;1327.3/2.6;8.0;3.0;44293;44229;44201;98.7/99.3;98.4/99.3;80.2/104.8;17.0;118.5;89.9;111;63.5;587.2/11.7;2023;223;99.7/87.9;100.0/100.0;-99;;
Republic of Moldova;EasternEurope;33846;4051;123.3;92.2;6475;-0.7;1591.4;44299;44428;65.8;44436;44469;40.3;5.0;39.1/46.5;109;109;2045;4020;-1975;-415;-0.1;45.0;-0.7;44256;75.2/66.7;15.7/17.6;142.9/3.5;44321;44269;44265;44318;44323;91.9/92.9;86.5/85.8;47.4/35.3;44430;108.0;49.8;35;44267;4.9/1.2;15;23;96.9/81.4;87.8/67.1;17989;;
Romania;EasternEurope;238391;19679;85.5;94.0;177956;44380;9120.7;44412;34.9;60.3;44341;44404;46.8;44203;47.3/64.5;100;100;63581;74605;-11024;-2096;-0.6;54.6;~0.0;44317;78.4/71.4;15.3/24.9;226.9/1.2;44230;44385;44352;44379;44199;89.0/90.5;92.0/92.5;59.0/47.8;44397;107.1;55.8;104;44345;70.0/3.6;1109;68;100.0/100.0;92.2/63.3;-99;;
Russian Federation;EasternEurope;17098246;143990;44416;86.8;1326016;-3.7;9243.3;44381;44439;63.5;44414;44223;66.1;44413;56.3/71.3;120;120;285491;182257;103234;69000;0.1;74.0;-0.1;44378;75.9/64.7;17.6/21.1;11643.3/8.1;418.4;44263;44203;44258;44442;100.9/100.1;103.4/105.5;88.3/72.9;44423;160.0;73.4;235;49.8;1705.3/11.9;54829;208;98.9/91.2;77.0/58.7;-99;;
Rwanda;EasternAfrica;26338;12208;494.9;96.2;8096;44445;697.3;34.6;44211;50.3;75.0;44234;44425;44288;86.1/83.3;139;139;622;1778;-1157;-1099;44318;44436;44292;44231;67.1/63.1;40.1/4.9;441.5/3.8;155.1;44.0;44323;...;44350;133.4/131.7;38.2/35.2;6.9/9.1;61.3;70.5;18.0;62;44246;0.8/0.1;84;8;86.6/71.9;58.5/62.9;13.67;;
Saint Helena;WesternAfrica;308;4;44296;-99;-99;-99;-99;-99;-99;-99;...;...;...;...;-99;-99;-99;~0;48;-48;-99;-0.7;39.4;-0.6;-99;-99;-99;0.6/15.2;-99;-99;-99;-99;-99;-99;-99;-99;-99;44407;37.6;100;44201;~0.0/3.1;0;41;-99;-99;-99;;
Saint Kitts and Nevis;Caribbean;261;55;212.9;97.0;876;44411;15771.9;44228;44224;70.7;...;...;...;...;.../...;39;39;51;332;-280;-63;44197;32.0;44256;-99;-99;.../...;7.4/13.4;~0.0;-99;44201;...;44410;83.4/81.7;92.8/88.0;107.2/52.6;44268;131.8;75.7;52;42.3;0.2/4.2;0;59;98.3/98.3;.../...;34029;;
Saint Lucia;Caribbean;539;179;293.2;95.9;1450;44440;7839.4;44379;44451;84.4;44422;44364;67.6;19.0;63.1/76.6;69;69;120;654;-535;-100;0.5;44334;0.9;44317;77.6/72.2;18.9/13.7;12.8/6.9;~0.0;44449;44383;...;44443;.../...;84.8/85.5;22.0/11.6;44393;101.5;52.4;62;33.4;0.4/2.2;0;33;99.5/95.6;84.7/91.9;0.97;;
Saint Pierre and Miquelon;NorthernAmerica;242;6;44343;98.2;-99;-99;-99;-99;-99;-99;-99;-99;-99;-99;-99;112;112;653;2629;-1976;-99;~0.0;90.4;0.1;-99;-99;.../...;1.0/15.7;-99;-99;-99;-99;-99;-99;-99;-99;-99;-99;-99;12;44267;0.1/12.2;0;174;-99;-99;-99;;
Saint Vincent and the Grenadines;Caribbean;389;110;281.8;101.7;738;44348;6739.2;44323;44244;75.3;44218;44212;61.8;44215;56.4/76.9;115;115;47;335;-288;-210;~0.0;50.6;0.7;2.0;74.9/70.7;23.8/11.7;4.6/4.2;-99;44332;44355;...;...;103.2/105.8;105.0/107.9;-99;13.0;103.6;51.8;58;69.2;0.2/1.9;0;29;95.1/95.1;.../...;29221;;
Samoa;Polynesia;2842;196;69.4;106.6;774;44410;4006.0;44264;44251;66.6;44260;44422;79.8;44322;23.3/58.2;107;107;56;350;-294;-44;0.8;44215;-0.2;44231;77.4/71.1;36.6/8.5;4.9/2.6;~0.0;18.0;44234;...;...;106.7/106.7;89.5/80.7;.../...;10.0;58.5;44311;93;60.4;0.2/1.0;2;24;97.5/99.3;93.3/91.1;27729;;
San Marino;SouthernEurope;61;33;556.7;94.9;1565;1.0;49240.2;0.1;33.3;66.6;...;...;...;44353;.../...;-99;-99;-99;-99;-99;-99;44228;94.2;0.6;...;86.4/81.7;15.0/24.1;4.7/14.8;-99;-99;44202;44292;44288;92.6/93.9;95.9/93.5;69.9/50.5;44403;115.2;49.6;1;0.0;-99;-99;-99;-99;-99;-99;;
Sao Tome and Principe;MiddleAfrica;964;204;212.8;99.2;334;4.0;1752.8;44267;44391;73.0;44249;44329;64.3;44360;45.4/76.2;119;119;10;139;-129;-69;44229;65.1;44350;44381;68.2/64.0;42.8/4.3;2.4/1.3;-99;43.8;44204;...;44411;112.2/117.7;91.7/80.8;13.6/13.2;44245;65.1;44433;94;55.8;0.1/0.6;1;14;98.9/93.6;40.8/23.3;14580;;
Saudi Arabia;WesternAsia;2206714;32938;44270;132.9;653219;44289;20710.6;44257;46.0;51.8;44444;44399;71.4;44321;20.0/78.5;96;96;182329;135904;46426;-56724;44410;83.1;44198;44379;75.6/72.7;25.2/5.6;10185.9/32.3;70.2;13.0;44381;44349;...;111.1/107.9;93.7/122.6;61.8/64.4;44458;176.6;69.6;131;0.5;601.0/19.5;25904;287;97.0/97.0;100.0/100.0;...;;
Senegal;WesternAfrica;196712;15851;82.3;96.6;13633;44322;901.1;44331;44220;60.4;51.4;44397;44466;44264;45.3/70.5;126;127;2640;5478;-2838;-1348;3.0;43.7;44350;5.0;67.5/63.8;42.9/4.7;263.2/1.7;44364;43.9;44381;...;44293;86.9/77.6;49.1/50.2;7.8/12.9;42.7;100.0;44398;123;43.2;8.9/0.6;77;11;92.9/67.3;65.4/33.8;18050;;
Serbia;SouthernEurope;88499;8791;100.5;95.6;37160;0.8;5238.6;44235;31.4;60.5;44305;44340;56.1;44331;43.4/59.9;102;102;14852;19231;-4379;-1751;-0.4;55.6;-0.3;44348;77.5/71.8;16.5/24.5;807.4/9.1;254.1;44417;44296;44318;44231;101.2/101.5;97.4/96.0;66.9/50.2;34.4;120.5;65.3;71;44227;37.7/4.3;393;62;99.4/98.9;98.2/94.2;0.90;;
Seychelles;EasternAfrica;457;95;206.0;97.2;1363;44414;14133.2;44379;44360;83.8;44350;44456;78.2;44200;61.9/68.3;105;109;335;833;-498;-256;0.5;53.9;44197;44288;77.9/68.7;22.2/13.3;12.8/13.3;-99;44237;44289;1.0;44350;103.6/101.1;84.5/78.8;19.6/9.3;44248;158.1;58.1;439;88.4;0.5/5.2;0;72;95.7/95.7;98.4/98.4;0.50;;
Sierra Leone;WesternAfrica;72300;7557;104.7;98.1;4483;-20.3;694.8;51.4;44364;44227;68.0;44322;44341;44199;65.1/68.8;168;168;466;958;-492;-1317;44257;39.9;44379;44412;50.7/49.6;42.1/4.2;91.2/1.4;0.8;94.4;44207;...;44379;128.2/127.0;40.1/46.5;.../...;44298;89.5;44318;177;41.3;1.3/0.2;53;11;84.9/47.8;22.8/6.9;21.56;;
Singapore;South-easternAsia;719;5709;8155.5;97.7;292734;2.0;52239.0;~0.0;44312;73.6;0.3;17.0;82.6;2.0;57.8/76.1;112;112;329871;283009;46862;57922;44378;100.0;2.0;44228;84.5/80.1;15.0/19.5;2543.6/45.4;~0.0;44198;44443;44440;44441;-99;-99;-99;44431;146.1;82.1;293;44219;56.4/10.2;27;209;100.0/...;100.0/...;-99;;
Sint Maarten (Dutch part);Caribbean;34;40;1180.0;95.7;1094;0.5;28241.7;0.1;44267;87.6;-99;-99;-99;-99;-99;-99;-99;-99;-99;-99;23;44199;100.0;2.0;-99;77.1/69.2;21.0/10.4;27.3/70.4;~0.0;-99;-99;-99;-99;-99;-99;-99;-99;-99;-99;51;-99;0.7/19.5;-99;303;-99;-99;-99;;
Slovakia;EasternEurope;49035;5448;113.3;94.6;87268;44411;16082.5;44380;34.8;61.5;44258;34.5;62.2;44448;51.4/68.0;97;97;77565;75156;2409;193;0.1;53.6;-0.3;44287;79.8/72.6;15.4/21.8;177.2/3.3;44379;44382;44204;44289;44231;99.2/100.2;92.8/92.1;64.6/41.8;20.0;122.3;85.0;54;40.3;30.7/5.6;264;121;100.0/100.0;99.4/98.2;-99;;
Slovenia;SouthernEurope;20273;2080;103.3;98.6;42777;44257;20689.8;44288;32.7;64.9;44447;44376;61.5;44204;51.8/62.2;89;89;27585;26646;939;2216;0.3;49.7;0.1;44348;83.2/77.2;15.0/26.3;236.0/11.4;0.6;44318;44236;44410;44321;99.4/99.2;110.5/110.8;98.5/68.2;36.7;113.2;73.1;143;62.0;12.8/6.2;154;135;99.7/99.4;99.1/99.1;-99;;
Solomon Islands;Melanesia;28896;611;44429;103.4;1075;44230;1841.6;44255;44362;56.3;48.1;44288;49.5;31.4;61.1/73.5;118;118;437;454;-17;-36;44198;44277;44231;44200;71.1/68.3;38.8/5.4;2.6/0.4;~0.0;30.0;44201;0.2;...;113.6/115.0;47.0/49.8;-99;2.0;72.7;10.0;245;78.3;0.2/0.4;3;11;93.2/77.2;81.4/15.0;16.47;;
Somalia;EasternAfrica;637657;14742;44339;99.3;1559;44379;144.5;60.2;44293;32.5;72.0;44412;44250;44353;33.3/75.9;112;112;925;530;394;-99;44441;39.6;44200;44353;56.5/53.3;46.4/4.4;25.3/0.2;1168.4;79.5;-99;~0.0;-99;.../...;.../...;-99;44251;52.5;44409;175;44265;0.6/0.1;129;12;69.6/8.8;52.0/6.3;22.85;;
South Africa;SouthernAfrica;1221037;56717;46.8;96.4;314571;44256;5773.0;44288;44467;68.7;44202;44253;67.7;26.0;46.4/61.1;125;126;74111;74744;-633;-13644;44287;64.8;44348;44349;63.0/56.1;29.0/8.4;3142.5/5.8;1201.9;36.5;44416;0.8;6.0;97.3/102.2;111.5/88.0;23.3/15.7;42.2;159.3;51.9;581;44354;489.8/9.1;7102;122;99.6/81.4;69.6/60.5;0.47;;
South Sudan;EasternAfrica;658841;12576;44367;100.4;13167;2.0;1067.0;44351;58.0;37.4;-99;-99;-99;...;.../...;-99;-99;2389;750;1640;-935;44258;44426;44201;44232;56.0/54.1;41.7/5.1;824.1/6.7;2231.2;77.7;44379;-99;44409;53.1/74.9;6.6/12.3;-99;44344;44462;44456;49;-99;1.5/0.1;337;2;66.7/56.9;16.4/4.5;44398;;
Spain;SouthernEurope;505944;46354;92.9;96.2;1192955;44230;25865.4;44349;44370;73.7;44442;44246;76.8;44273;52.1/64.2;102;102;281777;302539;-20762;16208;-0.2;79.6;0.7;44256;85.3/79.6;14.7/25.3;5853.0/12.7;44436;44441;9.0;44411;44259;105.6/104.5;129.6/130.0;97.1/82.5;39.1;107.9;78.7;617;36.8;234.0/5.1;1432;102;100.0/100.0;99.8/100.0;-99;;
Sri Lanka;SouthernAsia;65610;20877;332.9;92.5;82316;44412;3973.7;44385;44407;60.6;44313;44464;46.6;44232;30.4/75.0;120;122;10546;19501;-8955;-2009;0.5;44304;0.8;44198;78.0/71.2;24.0/14.9;38.7/0.2;44.2;44235;44319;...;44229;100.6/102.7;102.0/97.5;24.0/15.6;44413;112.8;30.0;587;33.1;18.4/0.9;179;20;98.5/95.0;88.1/96.7;0.53;;
State of Palestine;WesternAsia;6020;4921;817.4;102.9;12677;44319;2715.5;44412;44309;71.9;44385;44437;61.5;44251;18.4/69.7;90;90;929;5058;-4128;-1713;44379;75.3;44410;44231;74.8/71.1;39.6/4.6;255.5/5.5;~0.0;20.0;-99;-99;44256;94.3/94.4;87.0/79.2;54.4/34.5;-99;77.6;57.4;31;44317;2.8/0.6;9;15;50.7/81.5;93.0/90.2;17.52;;
Sudan;NorthernAfrica;-99;40533;23.0;99.9;79546;44443;1977.0;32.4;44216;47.6;32.9;44306;46.7;44299;24.4/72.2;-99;-99;1797;7658;-5861;-5933;44257;33.8;44318;44412;65.1/62.1;40.8/5.5;503.5/1.3;3619.6;48.7;44294;44199;...;66.6/74.1;41.5/43.9;16.8/15.8;44346;70.5;44373;133;-99;15.4/0.4;682;16;-99;-99;44440;;
Suriname;SouthAmerica;163820;563;44350;100.7;4879;-2.7;8985.3;44297;44313;61.1;44289;44277;74.3;44448;40.5/68.6;152;152;1437;1244;193;-808;1.0;66.0;0.8;44318;74.2/67.8;26.4/10.4;46.8/8.6;~0.0;44303;44382;...;-99;121.4/124.2;90.9/71.7;.../...;44341;180.7;42.8;83;98.3;2.0/3.7;44;62;98.1/88.4;88.4/61.4;0.32;;
Swaziland;SouthernAfrica;17363;1367;79.5;93.9;4133;44378;3211.7;44353;42.1;51.3;22.0;17.0;61.0;44221;40.6/65.1;114;115;1881;733;1149;281;44409;44276;44256;44258;58.2/51.6;37.2/4.8;31.6/2.5;44197;56.3;44264;...;7.0;108.0/117.5;65.8/66.2;5.5/5.2;44233;73.2;44316;34;33.8;1.2/1.0;39;40;93.6/68.9;63.1/56.0;14277;;
Sweden;NorthernEurope;438574;9911;44251;100.2;495694;44200;50687.5;44256;44281;72.4;44409;44245;79.9;44262;60.7/68.0;100;100;139574;140838;-1263;23250;0.8;85.8;0.8;44440;83.7/80.0;17.5/25.5;1639.8/16.8;348.5;44288;44450;44200;44384;125.6/120.6;150.0/131.5;75.7/49.6;43.6;130.4;90.6;54;68.9;43.4/4.5;1428;206;100.0/100.0;99.2/99.6;-99;;
Switzerland;WesternEurope;41291;8476;214.5;98.2;670790;0.8;80831.1;0.7;44341;73.8;44319;44306;76.1;44351;62.5/74.5;106;106;304691;269157;35534;77378;44228;73.9;44197;44317;84.8/80.5;14.9/24.1;2438.7/29.4;110.1;44442;44388;44200;44201;103.8/104.1;99.4/103.0;58.5/56.9;32.5;142.0;88.0;74;31.6;35.3/4.3;552;126;100.0/100.0;99.9/99.8;-99;;
Syrian Arab Republic;WesternAsia;185180;18270;99.5;102.1;28393;-5.3;1534.5;44397;30.0;49.3;44334;39.2;42.3;44421;12.4/70.9;65;68;1265;2383;-1118;...;-2.3;57.7;44287;44199;76.3/64.4;36.6/6.8;875.2/4.7;6768.5;44456;44258;44317;...;78.7/81.4;50.5/50.5;47.0/41.3;44240;62.4;30.0;132;44379;30.7/1.7;237;24;92.3/87.2;96.2/95.1;...;;
Tajikistan;CentralAsia;142600;8921;63.7;100.9;7853;44231;925.9;25.0;28.0;47.1;57.2;44299;44315;44418;59.6/77.9;155;172;899;3030;-2132;-472;44229;44434;44349;44319;73.5/67.7;35.3/5.8;275.1/3.2;44429;38.9;44445;44378;44232;101.2/99.8;83.1/92.5;24.0/33.6;19.0;98.6;19.0;45;3.0;5.2/0.6;76;14;93.1/66.7;93.8/95.5;20180;;
Thailand;South-easternAsia;513120;69038;135.1;95.2;395168;44410;5814.8;44205;35.7;55.1;34.0;44399;43.3;0.6;62.7/79.8;129;126;213927;195666;18260;32149;0.4;50.4;3.0;44317;78.4/70.8;17.3/16.9;3913.3/5.8;554.1;44238;44200;...;44200;99.2/106.1;125.3/132.6;57.3/40.5;44443;125.8;39.3;611;32.0;316.2/4.7;3338;83;97.6/98.0;89.9/96.1;0.02;;
The former Yugoslav Republic of Macedonia;SouthernEurope;25713;2083;82.6;100.0;10052;44411;4836.1;12.0;44466;65.1;44243;29.2;54.5;44282;43.9/67.8;111;112;4785;6757;-1972;-204;0.1;57.1;0.1;44317;77.2/73.2;16.7/19.5;130.7/6.3;44287;9.0;44322;44410;...;92.8/93.6;78.2/80.3;46.8/37.5;44408;105.4;70.4;110;39.6;7.5/3.6;53;53;99.8/98.9;97.2/82.6;43132;;
Timor-Leste;South-easternAsia;14919;1296;87.2;103.2;2873;44259;2425.4;44232;79.9;44453;50.8;2.0;47.2;44259;26.9/55.6;111;117;94;647;-553;238;44229;32.8;44411;44444;69.5/66.1;43.6/5.4;10.8/0.9;~0.0;43.9;44317;0.1;44415;136.2/137.5;79.6/74.1;.../...;38.5;117.4;44299;24;46.9;0.5/0.4;143;7;95.2/60.5;69.0/26.8;32721;;
Togo;WesternAfrica;56785;7798;143.4;99.4;4086;44321;559.4;45.7;44396;34.6;62.5;44385;44405;44414;81.0/80.7;140;143;715;1716;-1001;-461;44349;40.0;44411;44381;59.8/58.3;41.6/4.6;276.8/3.8;44421;55.7;44232;...;44232;118.5/125.1;.../...;6.4/14.9;44364;65.0;44203;80;44411;2.6/0.4;111;20;91.4/44.2;24.7/2.9;18749;;
Tokelau;Polynesia;12;1;130.0;100.0;-99;-99;-99;-99;-99;-99;-99;-99;-99;-99;-99;112;112;~0;1;-1;-99;44440;0.0;0.0;44198;-99;28.3/12.2;0.5/39.0;-99;-99;-99;-99;-99;114.3/121.0;120.7/129.1;-99;-99;...;-99;49;0.0;-99;-99;-99;.../100.0;.../90.5;-99;;
Tonga;Polynesia;747;108;150.0;100.7;402;44411;3784.5;44308;44337;56.1;33.3;44255;38.5;44412;52.9/73.9;134;134;14;209;-196;-33;0.4;44400;0.7;44411;75.6/69.6;35.8/8.5;5.7/5.4;...;44367;44232;...;...;107.5/108.6;94.2/86.4;.../...;44411;65.6;45.0;79;44328;0.1/1.1;0;15;99.7/99.6;97.6/89.0;18.30;;
Trinidad and Tobago;Caribbean;5127;1369;266.9;97.1;25927;0.2;19062.9;0.5;42.5;57.0;44200;31.6;64.3;44231;52.4/73.2;95;95;4576;4826;-249;...;0.5;44294;-1.2;44409;73.8/66.9;20.7/15.0;49.9/3.7;0.2;44432;44444;...;...;.../...;.../...;.../...;31.0;157.7;69.2;69;45.4;46.3/34.2;1663;607;95.1/95.1;91.5/91.5;...;;
Tunisia;NorthernAfrica;163610;11532;74.2;97.6;41199;0.8;3660.9;44265;44435;62.0;44388;44315;58.9;44361;25.1/71.3;108;108;13483;19456;-5973;-3850;44228;66.8;44287;44257;77.1/73.0;24.0/12.3;56.7/0.5;0.7;44334;7.0;44348;44261;112.5/115.8;94.2/90.0;43.3/26.2;44286;129.9;48.5;96;44353;28.8/2.6;274;39;100.0/93.2;97.4/79.8;41640;;
Turkey;WesternAsia;783562;80745;104.9;97.0;717888;4.0;9125.8;44355;44312;65.0;44366;44343;52.9;44418;30.4/71.4;120;122;142606;198602;-55996;-32278;44348;73.4;2.0;44198;78.1/71.5;25.0/12.0;2964.9/3.8;3006.3;44359;44291;44378;44412;102.1/102.8;101.1/103.8;88.3/101.0;44453;96.0;53.7;388;44211;346.0/4.5;1303;65;100.0/100.0;98.3/85.5;0.30;;
Turkmenistan;CentralAsia;488100;5758;44267;97.0;37597;44322;6996.7;44299;51.0;35.6;44456;37.4;44.7;44355;47.3/77.7;103;109;3741;2616;1125;-99;44409;50.0;44440;3.0;70.8/63.9;30.9/7.3;196.4/3.7;44234;46.9;44198;44257;44199;88.6/90.1;83.7/86.9;6.2/9.7;44433;145.9;15.0;54;44416;68.4/12.9;3270;212;.../...;.../...;0.07;;
Turks and Caicos Islands;Caribbean;948;35;37.3;104.1;863;44200;25121.8;0.6;44296;89.0;...;...;...;...;-99;-99;-99;4;389;-385;-99;2.0;92.2;44318;-99;77.8/75.8;19.2/7.6;11.7/34.0;~0.0;-99;-99;-99;44258;-99;-99;-99;-99;-99;-99;60;36.2;0.2/6.1;0;86;.../...;.../...;-99;;
Tuvalu;Polynesia;26;11;373.1;102.0;33;44319;3362.4;26.0;44354;66.4;-99;-99;-99;...;.../...;110;110;~0;12;-12;7;0.9;59.7;44440;44350;.../...;31.1/9.9;0.1/1.4;-99;...;44332;...;-99;104.3/103.0;97.5/76.0;-99;44383;40.3;42.7;96;33.3;~0.0/...;-99;13;98.3/97.0;86.3/80.2;63.52;;
Uganda;EasternAfrica;241550;42863;214.5;99.0;25282;44291;647.7;44372;44337;52.9;72.0;44293;44336;44288;82.3/87.7;93;90;2755;3750;-996;-2353;44289;44212;44291;44444;60.7/56.5;47.7/3.3;749.5/1.9;727.1;60.2;44234;...;44229;110.9/108.9;22.1/24.3;4.2/5.4;34.3;50.4;44246;196;11.0;5.2/0.1;409;12;95.5/75.8;28.5/17.3;12936;;
Ukraine;EasternEurope;603500;44223;76.3;86.0;90615;-9.9;2021.6;14.0;44281;59.7;44392;44371;59.7;44416;52.3/67.5;137;137;36369;39184;-2815;-189;-0.5;69.7;-0.3;44317;76.0/66.1;15.5/23.2;4834.9/10.8;1644.8;44416;44203;3.0;44444;105.1/102.8;98.2/100.2;88.4/76.5;44267;144.0;49.3;102;44363;227.3/5.1;3203;98;95.5/97.8;97.4/92.6;23012;;
United Arab Emirates;WesternAsia;83600;9400;112.4;262.4;370296;44411;40438.8;0.7;44.9;54.4;44319;44217;75.4;44380;41.7/90.8;70;70;195613;201908;-6296;-99;2.0;85.5;44441;44409;78.2/76.0;13.9/2.4;8095.1/88.4;44256;44233;44350;44348;-99;116.0/116.7;-99;-99;20.0;187.4;91.2;56;44411;211.4/23.2;8642;366;99.6/100.0;98.0/95.2;-99;;
United Kingdom;NorthernEurope;242495;66182;273.6;97.4;2858003;44229;44162.4;0.7;44305;79.9;44228;44304;80.4;5.0;57.0/68.6;108;108;415856;635570;-219713;-122571;0.6;82.6;0.9;44440;82.8/79.0;17.7/23.9;8543.1/13.2;151.7;44200;44205;44410;44382;108.1/108.4;130.4/125.3;64.1/49.0;30.0;125.8;92.0;102;44451;419.8/6.5;4482;116;100.0/100.0;99.1/99.6;-99;;
United Republic of Tanzania;EasternAfrica;947303;57310;64.7;97.8;45628;7.0;877.3;44227;44222;42.9;66.9;44292;44403;44379;73.9/83.2;176;180;4742;7876;-3134;-3312;44199;31.6;44291;44232;64.8/60.8;44.9/4.7;261.2/0.5;402.1;44.0;44352;~0.0;44319;82.9/80.5;30.8/33.7;2.5/4.9;36.4;75.9;44291;1082;52.4;11.6/0.2;935;20;77.2/45.5;31.3/8.3;31168;;
United States of America;NorthernAmerica;9833517;324460;35.5;98.0;18036648;44349;56053.8;1.0;44396;79.3;44317;44244;81.3;44443;55.7/68.1;111;113;1453167;2249661;-796494;-462961;0.7;81.6;1.0;44440;81.2/76.5;18.9/21.5;46627.1/14.5;616.5;6.0;44213;44349;44291;100.0/100.3;98.5/96.7;99.6/72.8;44215;117.6;74.6;1513;33.9;5254.3/16.2;83887;289;99.4/98.2;100.0/100.0;-99;;
United States Virgin Islands;Caribbean;347;105;299.7;91.1;-99;-99;-99;-99;-99;-99;44449;24.0;65.2;9.0;52.5/70.7;109;109;-99;-99;-99;-99;-0.2;95.3;0.3;44257;81.5/76.7;20.1/25.3;56.7/53.4;-99;44264;-99;-99;-99;-99;-99;-99;-99;...;54.8;58;50.6;-99;-99;-99;100.0/100.0;96.4/96.4;-99;;
Uruguay;SouthAmerica;173626;3457;44427;93.5;53442;1.0;15573.8;44414;28.0;65.2;44385;44336;70.8;44416;55.6/76.3;129;130;6964;8137;-1173;-1141;0.3;95.3;0.5;2.0;80.4/73.2;21.1/19.5;71.8/2.1;0.5;44389;44355;...;44290;107.3/109.8;100.0/90.3;.../...;44247;160.2;64.6;106;44296;6.7/2.0;113;58;100.0/93.9;96.6/92.6;0.04;;
Uzbekistan;CentralAsia;448969;31911;75.0;99.4;69004;44414;2308.3;44246;32.9;47.9;29.0;44462;47.1;44447;48.5/76.6;158;174;27947;25652;2295;-99;44348;36.4;44287;44288;73.5/68.1;28.0/7.6;1170.9/3.9;86.7;44286;44413;44318;-99;103.2/105.6;95.1/96.8;7.1/11.0;16.0;73.3;42.8;59;44354;105.2/3.6;2339;62;98.5/80.9;100.0/100.0;0.66;;
Vanuatu;Melanesia;12189;276;44399;102.4;737;-1.0;2783.0;44403;44294;64.9;61.4;44414;44439;44260;61.7/80.5;123;122;50;416;-366;-82;44257;44222;44289;44289;73.6/69.4;35.9/6.7;3.2/1.2;~0.0;44279;5.0;0.2;44321;118.7/120.6;56.4/53.4;.../...;0.0;66.2;44308;137;36.1;0.2/0.6;1;12;98.9/92.9;65.1/55.4;12024;;
Venezuela (Bolivarian Republic of);SouthAmerica;912050;31977;36.3;99.0;344331;-6.2;11068.9;44260;44.7;50.0;44450;44434;61.3;44353;51.5/78.3;118;119;19731;16324;3407;-20360;44287;89.0;44317;44288;78.2/69.9;27.6/9.9;1404.4/4.5;174.2;44421;44260;...;...;98.6/101.3;93.0/86.5;.../...;44249;93.0;61.9;328;53.1;185.2/6.1;7460;90;95.0/77.9;97.5/69.9;0.01;;
Viet Nam;South-easternAsia;330967;95541;308.1;98.0;193241;44383;2067.9;44457;37.0;44.2;41.8;44461;35.2;44229;73.9/83.3;136;134;176632;174111;2520;906;44197;33.6;3.0;2.0;80.3/70.7;23.1/11.1;72.8/0.1;11.0;44274;44203;44228;44382;108.4/109.3;-99;28.9/28.8;44403;130.6;52.7;616;47.2;166.9/1.8;2977;30;99.1/96.9;94.4/69.7;26665;;
Wallis and Futuna Islands;Polynesia;142;12;84.1;93.4;-99;-99;-99;-99;-99;-99;-99;-99;-99;-99;-99;115;115;1;53;-51;-99;-2.1;0.0;0.0;44198;78.7/72.8;25.5/15.4;2.8/21.7;-99;...;-99;-99;-99;-99;-99;-99;-99;-99;9.0;89;41.6;~0.0/1.6;-99;26;-99;-99;-99;;
Western Sahara;NorthernAfrica;266000;553;44198;110.1;-99;-99;-99;-99;-99;-99;37.4;44466;34.7;44414;28.6/83.3;100;100;-99;-99;-99;-99;44409;80.9;44258;44349;70.3/66.9;28.1/5.4;5.2/0.9;-99;34.1;-99;-99;-99;-99;-99;-99;-99;-99;-99;49;44379;-99;-99;-99;-99;-99;-99;;
Yemen;WesternAsia;527968;28250;53.5;102.1;29688;-28.1;1106.4;44391;36.9;48.4;32.9;44456;49.2;44212;26.2/73.7;136;137;570;6861;-6291;-3026;44349;34.6;4.0;44290;65.6/62.8;39.9/4.6;344.1/1.3;3371.4;47.2;44352;0.3;...;88.9/105.7;39.5/57.4;6.1/13.7;0.0;68.0;44221;298;1.0;22.7/0.9;668;12;72.0/46.5;92.5/34.1;36192;;
Zambia;EasternAfrica;752612;17094;23.0;98.5;21255;44441;1311.1;44235;32.3;59.5;54.8;44448;35.3;44293;69.9/80.9;179;180;6505;7442;-937;-768;3.0;40.9;44259;44232;61.9/57.5;44.8/3.7;127.9/0.8;55.3;53.8;5.0;0.2;...;104.0/103.3;-99;3.4/4.5;18.0;74.5;21.0;88;65.6;4.5/0.3;374;26;85.6/51.3;55.6/35.7;35125;;
Zimbabwe;EasternAfrica;390757;16530;42.7;95.0;13893;44197;890.4;13.0;44346;56.5;67.5;44262;44252;5.0;78.0/87.5;99;98;2832;5212;-2379;-1521;44257;32.4;44257;4.0;59.0/56.1;41.2/4.2;398.9/2.6;308.6;46.5;6.0;0.1;44294;99.1/100.8;47.1/48.1;8.0/8.9;32.6;84.8;44302;89;37.2;12.0/0.8;482;30;97.0/67.3;49.3/30.8;6.00;;
